generator,variable,scope,ks_stat,wasserstein,share_gt15_real,share_gt15_gen,q95_real,q95_gen,q99_real,q99_gen,mean_real,mean_gen,std_real,std_gen
independent,A,all,0.034175000000000066,2.488242339056572,0.211385,0.18819,90.0,78.79441584266341,203.0100000000093,190.3711553008687,6.67887,4.329591441318423,43.124368233321405,38.99801651155454
independent,A,normal,0.029193175406745375,1.4765054977740426,0.16022878036703886,0.14513,58.0,54.07147905044058,163.0,161.38821018727592,1.0097441138569552,-0.20862160551135236,35.48682879088044,32.505821385570975
independent,A,degrade,0.03163426410222403,3.5473591883926368,0.3581467041436214,0.3345641421308607,146.0,133.51579508834055,254.0,240.14098877696333,22.967213709311814,19.460866087538346,56.93438961373738,52.66513919322211
independent,D,all,0.06124355348527699,3.756484069361017,0.2399268008650807,0.201805,85.0,71.79649488866175,177.0,151.1949999999997,13.258481672489324,9.524349880900946,36.47537177071705,30.751369725512
hour_region,A,all,0.035250000000000004,2.5682156512414576,0.211385,0.186765,90.0,78.35773952097705,203.0100000000093,191.1833120140578,6.67887,4.23822404273581,43.124368233321405,38.95967527348297
hour_region,A,normal,0.029358175406745346,1.4793532419891027,0.16022878036703886,0.1444,58.0,54.02295239137642,163.0,162.13223072655262,1.0097441138569552,-0.2180127326075318,35.48682879088044,32.53185346400645
hour_region,A,degrade,0.03482250836756051,3.9413512515425264,0.3581467041436214,0.3306512723715573,146.0,132.29770318509443,254.0,241.5500000000004,22.967213709311814,19.040587303863635,56.93438961373738,52.39444092271655
hour_region,D,all,0.06124355348527699,3.756484069361017,0.2399268008650807,0.201805,85.0,71.79649488866175,177.0,151.1949999999997,13.258481672489324,9.524349880900946,36.47537177071705,30.751369725512
proposed_noprop,A,all,0.03384000000000009,2.4642224187994133,0.211385,0.187475,90.0,78.97611121297545,203.0100000000093,193.17662857903997,6.67887,4.35713262249079,43.124368233321405,39.093747581579194
proposed_noprop,A,normal,0.028118175406745327,1.470907405329853,0.16022878036703886,0.14433,58.0,54.3496056965459,163.0,162.43536975531362,1.0097441138569552,-0.1975047009632341,35.48682879088044,32.509895993894226
proposed_noprop,A,degrade,0.032371371609698385,3.553909354875639,0.3581467041436214,0.33353770270456456,146.0,132.94370863877074,254.0,241.77602895826308,22.967213709311814,19.45543072907927,56.93438961373738,52.704477708776594
proposed_noprop,D,all,0.16659065102866966,9.79737781550891,0.2399268008650807,0.118805,85.0,41.84932370343306,177.0,109.6765754300878,13.258481672489324,3.4786778873427724,36.47537177071705,22.120772261812604
proposed,A,all,0.03384000000000009,2.4642224187994133,0.211385,0.187475,90.0,78.97611121297545,203.0100000000093,193.17662857903997,6.67887,4.35713262249079,43.124368233321405,39.093747581579194
proposed,A,normal,0.028118175406745327,1.470907405329853,0.16022878036703886,0.14433,58.0,54.3496056965459,163.0,162.43536975531362,1.0097441138569552,-0.1975047009632341,35.48682879088044,32.509895993894226
proposed,A,degrade,0.032371371609698385,3.553909354875639,0.3581467041436214,0.33353770270456456,146.0,132.94370863877074,254.0,241.77602895826308,22.967213709311814,19.45543072907927,56.93438961373738,52.704477708776594
proposed,D,all,0.04524348000887268,1.8960950359216961,0.2399268008650807,0.21044,85.0,83.99604068887959,177.0,178.84497202350326,13.258481672489324,11.408298502371325,36.47537177071705,35.14351697422836
