"Indicateur (b = 5 min, moyenne par jour)",Réel (BTS 2024),Avant : indépendant,Avant : heure+région (≈ Dijk et al.),Après : proposé sans propagation,Après : proposé complet
Conflits de stands / jour,143.19672131147541,125.65336065573773,125.61860655737705,102.15836065573772,130.20467213114753
Écart au réel (%),0.0,-12.251230681167701,-12.275500858614771,-28.65872925014309,-9.07286777332571
MAE journalière (conflits),0.0,21.20204918032787,21.170573770491803,41.154098360655745,18.450081967213112
Corrélation jour à jour avec le réel,1.0,0.7217408061608437,0.7233506945116049,0.572950814382,0.6982466062484286
Spearman jour à jour,1.0,0.7111424082052725,0.7145317121956731,0.5665550742075854,0.6925790945209166
AUC détection des jours de pointe (Q90),1.0,0.8946969696969697,0.9030303030303031,0.6196969696969697,0.8333333333333334
Minutes de chevauchement / jour,5446.122950819672,3529.3353859332406,3528.262839247626,2052.954438319931,3882.9147346844666
Réaffectations / jour,356.88524590163934,340.5319672131147,341.51475409836064,295.0377049180328,339.9963114754098
"Réel dans [Q5, Q95] des scénarios",1.0,0.4098360655737705,0.5983606557377049,0.22950819672131148,0.6475409836065574
Jours où le réel dépasse tous les scénarios,0.0,0.3770491803278688,0.2459016393442623,0.5573770491803278,0.19672131147540983
