bin,n,mean,median,q90,share_gt15,generator
A<=0,113845,4.603917607273047,-3.0,22.0,0.12603979094382714,real
0<A<=15,32001,10.302428049123465,1.0,34.0,0.20527483516140121,real
15<A<=45,19452,24.24676125848242,17.0,55.0,0.5238535883199671,real
A>45,15032,70.87766098988824,59.0,153.0,0.8088078765300691,real
A<=0,331890,11.01997790539898,-1.0,43.13350257859705,0.21927445840489318,independent
0<A<=15,94153,14.263600025771048,-1.0,53.341016743750565,0.2575807462321965,independent
15<A<=45,60359,18.390771268156893,1.0,66.87170202634121,0.3020427773819977,independent
A>45,54588,24.102375574599854,3.855227977448217,82.22852170868094,0.36462226130285047,independent
A<=0,331929,11.003527906641608,-1.0,43.04162687283155,0.21932401206282065,hour_region
0<A<=15,94354,14.3134320204447,-1.0,53.741508908370996,0.25608877207113634,hour_region
15<A<=45,60267,18.454148668439128,1.0,66.6270011888054,0.3050591534338859,hour_region
A>45,54440,24.082191107801712,3.8058990791912404,82.34722816735018,0.3639603232916973,hour_region
A<=0,332117,4.301080202109818,-3.0,21.453732122481544,0.1276236988772029,proposed_noprop
0<A<=15,94372,6.743892947637881,-2.0,28.817281771253995,0.1572818208790743,proposed_noprop
15<A<=45,60273,9.130960467767078,-2.0,36.28138511400827,0.18575481558906973,proposed_noprop
A>45,54228,13.525259645189566,-1.0,51.59231366425466,0.2339566275724718,proposed_noprop
A<=0,332117,4.329689014262583,-3.0,21.453732122481544,0.1276236988772029,proposed
0<A<=15,94372,8.189259526460932,0.0,28.817281771253995,0.1572818208790743,proposed
15<A<=45,60273,18.627009021639758,12.495126452119987,39.60545473892792,0.4416571267399997,proposed
A>45,54228,87.25798950069401,71.89197573764577,183.00100702129484,0.9113926384893413,proposed
