mode,buffer,generator,conflicts_per_day_real,conflicts_per_day_gen,bias_pct,mae_daily,corr_daily,spearman_daily,peak_auc,overlap_real,overlap_gen,reassign_real,reassign_gen,waiting_real,waiting_gen,peak_days,peak_detection_rate,peak_false_alarm_rate,coverage_real_in_scenarios,real_above_all_scenarios,generator_label
unconditional,5.0,independent,143.19672131147541,134.71254098360657,-5.924842587292494,17.466639344262294,0.6115218949829515,0.5921449531351846,0.6700757575757575,5446.122950819672,4225.891835714074,356.88524590163934,356.5090163934426,6.811475409836065,4.880739799320925,12,0.0,0.0,0.7131147540983607,0.09836065573770492,Indépendant (marginales seules)
unconditional,5.0,hour_region,143.19672131147541,134.62360655737706,-5.986949055523751,17.53655737704918,0.6076958159026237,0.5861803500219187,0.6734848484848485,5446.122950819672,4225.2363553340165,356.88524590163934,356.67459016393445,6.811475409836065,5.410706752304901,12,0.0,0.0,0.7950819672131147,0.07377049180327869,"Heure+région, sans propagation"
unconditional,5.0,proposed_noprop,143.19672131147541,107.55024590163933,-24.8933600457928,35.94581967213115,0.6051716261131093,0.5963225057864439,0.6522727272727272,5446.122950819672,2467.0344150259602,356.88524590163934,304.8803278688524,6.811475409836065,2.113509815600841,12,0.0,0.0,0.32786885245901637,0.4098360655737705,Proposé sans propagation (ablation)
unconditional,5.0,proposed,143.19672131147541,135.52590163934423,-5.3568402976531475,17.557704918032787,0.5953595656108489,0.5740076754846277,0.6609848484848485,5446.122950819672,4403.552457893973,356.88524590163934,347.1795081967213,6.811475409836065,3.256619567271001,12,0.0,0.0,0.7049180327868853,0.09016393442622951,Proposé (complet)
unconditional,15.0,independent,69.91803278688525,61.68098360655737,-11.781008206330613,19.651803278688526,0.3121655998431856,0.37451290931287406,0.5486944248412138,3595.0819672131147,2536.1201419159092,241.04918032786884,230.83729508196723,7.491803278688525,4.307743538032978,13,0.0,0.0,0.7459016393442623,0.11475409836065574,Indépendant (marginales seules)
unconditional,15.0,hour_region,69.91803278688525,61.67319672131148,-11.792145369284878,19.63795081967213,0.3109329861906748,0.3750884206755386,0.5532815808045166,3595.0819672131147,2535.7432834865394,241.04918032786884,231.97049180327866,7.491803278688525,4.518161239971995,13,0.0,0.0,0.7622950819672131,0.06557377049180328,"Heure+région, sans propagation"
unconditional,15.0,proposed_noprop,69.91803278688525,37.024344262295074,-47.04607268464245,33.45352459016394,0.3411364977232081,0.40567599125925546,0.5995059985885673,3595.0819672131147,1259.792010969676,241.04918032786884,169.52786885245902,7.491803278688525,1.7963553730977788,13,0.0,0.0,0.45081967213114754,0.27049180327868855,Proposé sans propagation (ablation)
unconditional,15.0,proposed,69.91803278688525,60.895655737704914,-12.90422039859321,20.315163934426227,0.24377529209810073,0.2977802590292958,0.5028228652081863,3595.0819672131147,2744.2968755241004,241.04918032786884,216.6467213114754,7.491803278688525,3.134746345955371,13,0.0,0.0,0.819672131147541,0.05737704918032787,Proposé (complet)
conditioned,5.0,independent,143.19672131147541,134.07081967213114,-6.372982255294802,16.444590163934425,0.7264086302739465,0.7188254055909896,0.906439393939394,5446.122950819672,4072.005663166205,356.88524590163934,354.62008196721314,6.811475409836065,5.380486781435099,12,0.0,0.0,0.5409836065573771,0.2459016393442623,Indépendant (marginales seules)
conditioned,5.0,hour_region,143.19672131147541,134.08713114754096,-6.36159129937037,16.354508196721312,0.7284211004610434,0.718877098162474,0.9117424242424242,5446.122950819672,4070.821150673759,356.88524590163934,355.0053278688524,6.811475409836065,5.621608230335209,12,0.0,0.0,0.7131147540983607,0.13114754098360656,"Heure+région, sans propagation"
conditioned,5.0,proposed_noprop,143.19672131147541,107.86393442622949,-24.67429879793934,35.75770491803279,0.5834386184802842,0.5792463943704417,0.6412878787878787,5446.122950819672,2401.874096575799,356.88524590163934,306.1286885245902,6.811475409836065,2.9667911571304373,12,0.0,0.0,0.3360655737704918,0.48360655737704916,Proposé sans propagation (ablation)
conditioned,5.0,proposed,143.19672131147541,134.77295081967216,-5.882655981682867,16.305245901639346,0.7012822373959248,0.6969159245127522,0.8424242424242424,5446.122950819672,4225.850654237144,356.88524590163934,346.7446721311475,6.811475409836065,4.635954734888388,12,0.0,0.0,0.6885245901639344,0.11475409836065574,Proposé (complet)
conditioned,15.0,independent,69.91803278688525,60.029016393442625,-14.14372801875733,16.58475409836066,0.7336064444939635,0.6796377688474159,0.9495412844036697,3595.0819672131147,2398.4942118536956,241.04918032786884,227.73852459016393,7.491803278688525,4.132449719854881,13,0.0,0.0,0.4344262295081967,0.27049180327868855,Indépendant (marginales seules)
conditioned,15.0,hour_region,69.91803278688525,59.99754098360656,-14.188745603751462,16.55327868852459,0.7354501738812105,0.6786423266273555,0.9488355681016232,3595.0819672131147,2397.496301949676,241.04918032786884,228.77459016393442,7.491803278688525,4.744475308487616,13,0.0,0.0,0.5,0.22950819672131148,"Heure+région, sans propagation"
conditioned,15.0,proposed_noprop,69.91803278688525,36.346803278688526,-48.015123094958966,34.03598360655737,0.7194624292292842,0.6604028466073674,0.9368383909668313,3595.0819672131147,1203.2396561632816,241.04918032786884,168.01393442622953,7.491803278688525,1.974907140342326,13,0.0,0.0,0.2540983606557377,0.48360655737704916,Proposé sans propagation (ablation)
conditioned,15.0,proposed,69.91803278688525,59.14524590163935,-15.407737397420865,17.29770491803279,0.7011226798275165,0.6381355113854419,0.9375441072688779,3595.0819672131147,2598.667776072979,241.04918032786884,214.12909836065575,7.491803278688525,2.9721885620352926,13,0.0,0.0,0.7622950819672131,0.05737704918032787,Proposé (complet)
