hour,n_arr,meanA,q90,n_dep,meanD
0,1179,19.081424936386767,87.0,249.0,30.835341365461847
1,188,5.00531914893617,54.30000000000001,2.0,41.5
2,6,-28.166666666666668,-24.0,,
3,1,-19.0,-19.0,,
4,362,-10.4060773480663,20.0,,
5,4950,-10.67131313131313,17.0,1783.0,4.9680314077397645
6,16037,-8.251668017709047,12.0,6479.0,2.2190152801358236
7,14261,-3.692938784096487,21.0,28422.0,3.540531982267258
8,34418,-0.3465628450229531,18.0,9185.0,6.3004899292324446
9,18806,-0.07066893544613422,27.0,40497.0,4.412153986715065
10,39208,2.738905325443787,23.0,9921.0,8.39078721903034
11,11569,-2.529691416717089,21.0,43528.0,8.384281382098878
12,29683,-0.8832665161877169,21.0,7452.0,10.267981749865807
13,29199,2.223363813829241,29.0,31266.0,9.65995010554596
14,13670,1.1249451353328457,31.0,29361.0,13.446646912571097
15,34153,4.793839487014318,37.0,15000.0,16.077466666666666
16,15157,6.942996635218051,49.0,34559.0,16.892676292716803
17,29949,10.389395305352432,52.0,13732.0,21.175429653364404
18,12061,11.473841306690987,63.0,37510.0,20.039962676619567
19,43819,16.317213993929574,69.0,11049.0,23.061725042990314
20,10002,17.54119176164767,81.0,41177.0,20.277315005949923
21,36428,16.90622598001537,75.0,11223.0,21.40586295999287
22,3795,11.234782608695653,68.0,31706.0,19.985649403898314
23,5448,9.03267254038179,60.0,934.0,26.869379014989292
