A_bin,n,mean_D,median_D,q90_D,share_D_gt15
<-15,95185,2.493712244576351,-4.0,16.0,0.10044649892314965
-15–0,126172,4.582094283993279,-3.0,21.0,0.12563009225501695
0–15,60207,8.947464580530504,0.0,31.0,0.18801800455096584
15–30,23636,18.552589270604162,12.0,45.0,0.40941783719749536
30–45,10854,30.780173208033904,26.0,62.0,0.6809471162704993
45–60,6549,42.572301114674,40.0,78.0,0.7924874026568942
60–90,7580,57.25725593667546,58.0,100.0,0.8174142480211082
90–120,4368,75.89949633699634,84.0,129.0,0.8104395604395604
>120,7460,96.17654155495978,99.0,200.0,0.7564343163538874
