date,parameter,value,real_conflicts,conflicts_mean,conflicts_q90,conflicts_std,A_mean,A_gt15,D_mean
2024-01-10,correlation_scale,0.0,158.0,112.93,123.10000000000001,8.222232057051176,2.275283510289332,0.14516746411483253,7.043935156873979
2024-01-10,correlation_scale,0.5,158.0,113.93,130.20000000000002,11.371240037920225,2.331951065311106,0.1458054226475279,7.184680062423744
2024-01-10,correlation_scale,1.0,158.0,113.48,128.0,10.714924171453571,2.3949626794385552,0.14558213716108453,7.174600941066413
2024-01-10,correlation_scale,1.5,158.0,113.19,129.10000000000002,11.723220547272835,2.4743976764267748,0.14628389154704943,7.180845136382449
2024-01-10,peak_multiplier,1.0,158.0,113.48,128.0,10.714924171453571,2.3949626794385552,0.14558213716108453,7.174600941066413
2024-01-10,peak_multiplier,1.25,158.0,114.61,129.0,10.679789323764773,3.8461488660798273,0.15507177033492822,8.11484454013825
2024-01-10,peak_multiplier,1.5,158.0,115.74,130.10000000000002,10.720652965188268,5.2973350527211,0.1639712918660287,9.08973277362283
2024-01-10,forced_regime,normal,158.0,112.94,123.10000000000001,9.316458554622567,-0.25862857943188716,0.11944178628389154,5.167790013778666
2024-01-10,forced_regime,degrade,158.0,124.72,137.0,10.744375272671743,15.883123748040372,0.2771132376395534,19.12368486013427
2024-01-10,propagation,False,158.0,90.84,109.0,12.97899842052537,2.3949626794385552,0.14558213716108453,1.494954075298677
2024-01-10,propagation,True,158.0,113.48,128.0,10.714924171453571,2.3949626794385552,0.14558213716108453,7.174600941066413
2024-01-10,n_scenarios,10,158.0,119.1,131.2,11.237882362794158,5.00507134941364,0.1711323763955343,9.482106624352095
2024-01-10,n_scenarios,30,158.0,121.1,134.3,10.9158905576534,3.996314730049413,0.16044657097288675,9.302531443269228
2024-01-10,n_scenarios,100,158.0,113.48,128.0,10.714924171453571,2.3949626794385552,0.14558213716108453,7.174600941066413
2024-01-10,n_scenarios,300,158.0,116.42,132.0,12.245418190762889,3.032393117009596,0.15209463051568314,8.100925536529468
2024-01-12,correlation_scale,0.0,125.0,103.82,116.10000000000001,9.477742347204845,3.074546170321179,0.15580750407830343,7.341338228453344
2024-01-12,correlation_scale,0.5,125.0,105.06,119.10000000000001,12.533810274613222,2.7355329053188053,0.15296900489396412,7.552438286791905
2024-01-12,correlation_scale,1.0,125.0,105.63,121.0,13.64159448158462,2.394412484192374,0.15097879282218596,7.413694047145736
2024-01-12,correlation_scale,1.5,125.0,106.71,129.3,15.307053929479702,2.057565220851022,0.14841761827079936,7.2700079689542365
2024-01-12,peak_multiplier,1.0,125.0,105.63,121.0,13.64159448158462,2.394412484192374,0.15097879282218596,7.413694047145736
2024-01-12,peak_multiplier,1.25,125.0,106.82,122.0,13.273567719343584,3.9262315650642705,0.16197389885807503,8.341111277920975
2024-01-12,peak_multiplier,1.5,125.0,107.94,124.0,13.041334287564291,5.458050645936167,0.1707014681892333,9.302015545336566
2024-01-12,forced_regime,normal,125.0,103.21,115.10000000000001,10.337596432440183,-0.9547888694474499,0.11701468189233279,4.457569942884472
2024-01-12,forced_regime,degrade,125.0,115.45,134.0,12.205224291261509,15.280793615316947,0.2743230016313214,17.685083083763065
2024-01-12,propagation,False,125.0,84.85,102.10000000000001,14.554981964949322,2.394412484192374,0.15097879282218596,2.0814963873389845
2024-01-12,propagation,True,125.0,105.63,121.0,13.64159448158462,2.394412484192374,0.15097879282218596,7.413694047145736
2024-01-12,n_scenarios,10,125.0,102.3,108.2,5.568662316930341,0.027228737717144406,0.12544861337683524,4.8104436621410445
2024-01-12,n_scenarios,30,125.0,107.53333333333333,118.5,12.211288038350236,4.72540111507491,0.16699293094072865,8.904794988592458
2024-01-12,n_scenarios,100,125.0,105.63,121.0,13.64159448158462,2.394412484192374,0.15097879282218596,7.413694047145736
2024-01-12,n_scenarios,300,125.0,105.41666666666667,119.10000000000002,11.210250765358563,3.067997412923402,0.15525829255029908,7.797879696912403
2024-01-31,correlation_scale,0.0,120.0,114.25,128.10000000000002,9.67923034130297,3.8676528489132225,0.16341269841269843,8.649580457826337
2024-01-31,correlation_scale,0.5,120.0,115.6,132.10000000000002,12.140840168620953,3.8262500891334477,0.1631904761904762,8.944973459518511
2024-01-31,correlation_scale,1.0,120.0,114.92,132.0,12.318831113380847,3.7721090408396574,0.16357142857142856,8.867558552047415
2024-01-31,correlation_scale,1.5,120.0,114.81,132.0,13.74677780427108,3.7075057890559013,0.1623174603174603,8.788500359063258
2024-01-31,peak_multiplier,1.0,120.0,114.92,132.0,12.318831113380847,3.7721090408396574,0.16357142857142856,8.867558552047415
2024-01-31,peak_multiplier,1.25,120.0,116.49,133.0,12.494394743243868,5.4491258190366265,0.17477777777777778,9.989217888005864
2024-01-31,peak_multiplier,1.5,120.0,117.77,134.10000000000002,12.427272428010902,7.126142597233595,0.18465079365079365,11.144273039697325
2024-01-31,forced_regime,normal,120.0,114.62,132.10000000000002,12.141482611279399,-0.010540139952207,0.12634920634920635,5.825053180383023
2024-01-31,forced_regime,degrade,120.0,127.79,145.20000000000002,13.441945543707577,17.048512156745595,0.2897777777777778,20.670254986031622
2024-01-31,propagation,False,120.0,90.4,107.20000000000002,13.341664064126334,3.7721090408396574,0.16357142857142856,2.5764127665069414
2024-01-31,propagation,True,120.0,114.92,132.0,12.318831113380847,3.7721090408396574,0.16357142857142856,8.867558552047415
2024-01-31,n_scenarios,10,120.0,114.2,120.8,7.011419257183242,4.622242278182343,0.17126984126984127,8.769209605309591
2024-01-31,n_scenarios,30,120.0,119.3,139.1,14.978095116981107,6.501124398059879,0.18513227513227512,11.614385768471509
2024-01-31,n_scenarios,100,120.0,114.92,132.0,12.318831113380847,3.7721090408396574,0.16357142857142856,8.867558552047415
2024-01-31,n_scenarios,300,120.0,114.24666666666667,131.0,12.207340232645093,3.599820559375659,0.16055555555555556,8.711857138005184
2024-02-15,correlation_scale,0.0,117.0,113.17,124.10000000000001,9.265047220602819,2.9806345881326735,0.1529503105590062,7.58035807395089
2024-02-15,correlation_scale,0.5,117.0,117.01,131.50000000000006,13.027275233140658,3.370057381796124,0.1570807453416149,8.754721269821824
2024-02-15,correlation_scale,1.0,117.0,116.28,131.10000000000002,12.778951443682693,3.741282269126261,0.16051242236024846,8.868278347541226
2024-02-15,correlation_scale,1.5,117.0,115.72,136.10000000000002,13.873773819693039,4.099589894898587,0.1632919254658385,8.991207740588493
2024-02-15,peak_multiplier,1.0,117.0,116.28,131.10000000000002,12.778951443682693,3.741282269126261,0.16051242236024846,8.868278347541226
2024-02-15,peak_multiplier,1.25,117.0,117.58,133.20000000000002,12.775899185575943,5.348457891585579,0.17187888198757764,9.887364567671364
2024-02-15,peak_multiplier,1.5,117.0,119.03,135.10000000000002,12.964918048333356,6.955633514044896,0.18093167701863355,10.94483952341178
2024-02-15,forced_regime,normal,117.0,113.78,129.10000000000002,10.744840622363833,0.008188756328169691,0.1251863354037267,5.454391201613006
2024-02-15,forced_regime,degrade,117.0,128.03,144.0,12.601154708993935,16.796791184663267,0.28880434782608694,19.954906743210856
2024-02-15,propagation,False,117.0,91.54,107.0,11.47991289165558,3.741282269126261,0.16051242236024846,2.7651174659673887
2024-02-15,propagation,True,117.0,116.28,131.10000000000002,12.778951443682693,3.741282269126261,0.16051242236024846,8.868278347541226
2024-02-15,n_scenarios,10,117.0,118.4,133.1,13.283071933856265,2.0039531027848025,0.15108695652173912,7.489275279643592
2024-02-15,n_scenarios,30,117.0,118.83333333333333,132.8,11.075749284911709,3.023322749418223,0.1538302277432712,8.52949310538541
2024-02-15,n_scenarios,100,117.0,116.28,131.10000000000002,12.778951443682693,3.741282269126261,0.16051242236024846,8.868278347541226
2024-02-15,n_scenarios,300,117.0,118.52333333333333,137.0,13.381683584495471,3.3435120036880974,0.15799171842650103,8.769291805445027
2024-02-19,correlation_scale,0.0,103.0,113.22,125.0,8.516548596702775,2.290043297505793,0.1484119496855346,7.1934296867910925
2024-02-19,correlation_scale,0.5,103.0,115.96,133.20000000000002,11.132762460413858,2.381222853230685,0.14971698113207546,7.831456904448822
2024-02-19,correlation_scale,1.0,103.0,115.41,130.0,11.500517379666013,2.435740688022618,0.15062893081761006,7.826530794056481
2024-02-19,correlation_scale,1.5,103.0,114.87,133.10000000000002,12.64883789128472,2.450884754726509,0.15202830188679245,7.783823354616415
2024-02-19,peak_multiplier,1.0,103.0,115.41,130.0,11.500517379666013,2.435740688022618,0.15062893081761006,7.826530794056481
2024-02-19,peak_multiplier,1.25,103.0,117.04,134.0,11.528156834464042,3.9465013277788423,0.1614622641509434,8.837463883633404
2024-02-19,peak_multiplier,1.5,103.0,118.23,133.10000000000002,11.696884200503996,5.457261967535067,0.1706132075471698,9.881482382069906
2024-02-19,forced_regime,normal,103.0,114.7,128.10000000000002,11.281400622263178,-0.5127936555494317,0.1225,5.4164718115228325
2024-02-19,forced_regime,degrade,103.0,128.27,144.0,12.31897317149445,16.44760331741414,0.28820754716981134,20.058254475811054
2024-02-19,propagation,False,103.0,92.18,109.10000000000001,12.212600050767241,2.435740688022618,0.15062893081761006,2.0539642893018706
2024-02-19,propagation,True,103.0,115.41,130.0,11.500517379666013,2.435740688022618,0.15062893081761006,7.826530794056481
2024-02-19,n_scenarios,10,103.0,117.9,129.2,8.607554821202129,0.9954967575451205,0.14339622641509434,6.723580340333589
2024-02-19,n_scenarios,30,103.0,112.5,129.70000000000002,12.027052839328512,4.0465583734254205,0.16860587002096436,8.5222519219408
2024-02-19,n_scenarios,100,103.0,115.41,130.0,11.500517379666013,2.435740688022618,0.15062893081761006,7.826530794056481
2024-02-19,n_scenarios,300,103.0,115.42333333333333,131.0,11.779252475810546,2.2014448575428265,0.14924004192872117,7.4568014030783685
2024-03-26,correlation_scale,0.0,119.0,111.76,124.20000000000002,8.413227680266356,3.6606706591066964,0.16316957210776545,8.468122621585833
2024-03-26,correlation_scale,0.5,119.0,113.5,126.0,10.869682608061746,3.4763402407797317,0.16147385103011094,8.880263357013737
2024-03-26,correlation_scale,1.0,119.0,114.04,127.10000000000001,10.785100834020978,3.35175245582497,0.1609350237717908,8.832632620085617
2024-03-26,correlation_scale,1.5,119.0,114.67,134.40000000000003,13.410484704141007,3.267056051753941,0.15963549920760697,8.81067050201753
2024-03-26,peak_multiplier,1.0,119.0,114.04,127.10000000000001,10.785100834020978,3.35175245582497,0.1609350237717908,8.832632620085617
2024-03-26,peak_multiplier,1.25,119.0,115.31,128.0,10.620447259885056,4.9902399761729175,0.17242472266244058,9.949957116581636
2024-03-26,peak_multiplier,1.5,119.0,116.34,127.0,10.41654453261733,6.628727496520866,0.1815689381933439,11.101292609237333
2024-03-26,forced_regime,normal,119.0,110.05,122.0,10.041289757795063,-0.173427004415444,0.12573692551505547,5.615125758335544
2024-03-26,forced_regime,degrade,119.0,124.4,140.0,12.40806189539688,16.96950584518664,0.2914421553090333,20.6070605072679
2024-03-26,propagation,False,119.0,90.24,107.0,13.939239577537936,3.35175245582497,0.1609350237717908,2.595570753899202
2024-03-26,propagation,True,119.0,114.04,127.10000000000001,10.785100834020978,3.35175245582497,0.1609350237717908,8.832632620085617
2024-03-26,n_scenarios,10,119.0,112.3,124.19999999999999,11.550324670761423,4.272214209829523,0.16656101426307449,9.281706369791065
2024-03-26,n_scenarios,30,119.0,114.33333333333333,128.2,9.191783770786216,3.3721425727433587,0.16370839936608558,8.76502607807981
2024-03-26,n_scenarios,100,119.0,114.04,127.10000000000001,10.785100834020978,3.35175245582497,0.1609350237717908,8.832632620085617
2024-03-26,n_scenarios,300,119.0,113.58,131.0,12.881133490496866,3.6752164624099244,0.16226096143687269,8.808158247172363
2024-03-31,correlation_scale,0.0,154.0,131.29,144.10000000000002,10.477876693300031,2.8028605990529436,0.15724615384615384,8.05982812327242
2024-03-31,correlation_scale,0.5,154.0,133.66,152.0,14.039387451025062,2.91057151136265,0.15846153846153846,8.631707445400156
2024-03-31,correlation_scale,1.0,154.0,133.66,156.0,14.135218427742814,3.009126202831528,0.15932307692307693,8.667378622894262
2024-03-31,correlation_scale,1.5,154.0,132.56,157.0,15.5166491227971,3.101438926854678,0.1601076923076923,8.697357704431036
2024-03-31,peak_multiplier,1.0,154.0,133.66,156.0,14.135218427742814,3.009126202831528,0.15932307692307693,8.667378622894262
2024-03-31,peak_multiplier,1.25,154.0,135.17,157.0,14.064888908199737,4.599327662400638,0.17010769230769232,9.804320239978075
2024-03-31,peak_multiplier,1.5,154.0,136.39,157.0,13.999210692035462,6.189529121969746,0.1792153846153846,10.977221416015013
2024-03-31,forced_regime,normal,154.0,129.91,147.10000000000002,13.080592494225941,0.1900388061378115,0.13044615384615385,6.185612697639705
2024-03-31,forced_regime,degrade,154.0,143.91,163.0,14.159869349679749,17.248807118553877,0.2935846153846154,21.586596930861845
2024-03-31,propagation,False,154.0,105.21,122.10000000000001,14.795468900984519,3.009126202831528,0.15932307692307693,2.249397433392849
2024-03-31,propagation,True,154.0,133.66,156.0,14.135218427742814,3.009126202831528,0.15932307692307693,8.667378622894262
2024-03-31,n_scenarios,10,154.0,133.0,140.2,8.024961059095553,3.7534572121454515,0.1590769230769231,9.454322098464795
2024-03-31,n_scenarios,30,154.0,129.3,142.4,9.688997196132664,2.505914506986555,0.15271794871794872,7.656360178453143
2024-03-31,n_scenarios,100,154.0,133.66,156.0,14.135218427742814,3.009126202831528,0.15932307692307693,8.667378622894262
2024-03-31,n_scenarios,300,154.0,130.73333333333332,147.0,12.441150357672807,3.306200137292738,0.16044102564102564,8.84218442880662
2024-04-05,correlation_scale,0.0,148.0,132.51,151.0,10.776358383053154,3.4849191084125586,0.16317073170731708,8.582290268473537
2024-04-05,correlation_scale,0.5,148.0,135.0,150.10000000000002,12.357184145265457,3.4185500942023554,0.16256814921090387,9.072028649822967
2024-04-05,correlation_scale,1.0,148.0,134.84,152.0,13.355687926872207,3.3031480676033604,0.16142037302725967,8.988482579485446
2024-04-05,correlation_scale,1.5,148.0,133.91,149.70000000000005,16.256134226808044,3.1482849823050816,0.15989956958393114,8.878231313891412
2024-04-05,peak_multiplier,1.0,148.0,134.84,152.0,13.355687926872207,3.3031480676033604,0.16142037302725967,8.988482579485446
2024-04-05,peak_multiplier,1.25,148.0,136.46,155.0,13.427896335614154,4.985164049721087,0.17324246771879484,10.21319964580432
2024-04-05,peak_multiplier,1.5,148.0,137.74,155.10000000000002,13.42581096247076,6.667180031838813,0.1830416068866571,11.473947041012027
2024-04-05,forced_regime,normal,148.0,131.88,147.0,12.085760216055919,0.40079287386714735,0.13294117647058823,6.258515656039887
2024-04-05,forced_regime,degrade,148.0,149.37,170.0,14.595653462589471,18.140681699125103,0.30480631276901005,22.284632932799287
2024-04-05,propagation,False,148.0,105.93,125.0,14.827848798797485,3.3031480676033604,0.16142037302725967,2.4442641415737505
2024-04-05,propagation,True,148.0,134.84,152.0,13.355687926872207,3.3031480676033604,0.16142037302725967,8.988482579485446
2024-04-05,n_scenarios,10,148.0,138.6,152.4,13.979985693841035,0.6674789722146088,0.1400286944045911,7.351300310287473
2024-04-05,n_scenarios,30,148.0,134.93333333333334,148.2,13.875477969745361,5.205386433552463,0.17800095648015304,10.747754897222128
2024-04-05,n_scenarios,100,148.0,134.84,152.0,13.355687926872207,3.3031480676033604,0.16142037302725967,8.988482579485446
2024-04-05,n_scenarios,300,148.0,134.82666666666665,152.0,13.00115208570208,3.664104233635823,0.16527020564323291,9.191250631669776
2024-04-17,correlation_scale,0.0,143.0,137.33,153.0,10.37020250525514,3.543241809527558,0.16237553342816502,8.47300714024843
2024-04-17,correlation_scale,0.5,143.0,141.25,158.0,13.92147621482722,3.454302366319792,0.1616358463726885,9.236093046888685
2024-04-17,correlation_scale,1.0,143.0,141.24,157.10000000000002,14.338842352156608,3.3695249358858024,0.16167852062588906,9.183744921090094
2024-04-17,correlation_scale,1.5,143.0,140.96,158.3,16.451699000407224,3.2832032532965596,0.16069701280227597,9.142739899920821
2024-04-17,peak_multiplier,1.0,143.0,141.24,157.10000000000002,14.338842352156608,3.3695249358858024,0.16167852062588906,9.183744921090094
2024-04-17,peak_multiplier,1.25,143.0,142.61,158.10000000000002,14.202038586062212,5.010248762394885,0.17344238975817924,10.294909482446835
2024-04-17,peak_multiplier,1.5,143.0,143.87,159.0,13.950379923141881,6.650972588903969,0.1831294452347084,11.4474131399106
2024-04-17,forced_regime,normal,143.0,135.61,152.10000000000002,12.507513741747399,-0.4449227427101909,0.12637268847795163,5.689919685078796
2024-04-17,forced_regime,degrade,143.0,151.51,171.20000000000002,14.196827110308837,16.132488395649958,0.2856756756756757,20.537553389339156
2024-04-17,propagation,False,143.0,110.93,134.0,16.732755302101324,3.3695249358858024,0.16167852062588906,2.766212576713904
2024-04-17,propagation,True,143.0,141.24,157.10000000000002,14.338842352156608,3.3695249358858024,0.16167852062588906,9.183744921090094
2024-04-17,n_scenarios,10,143.0,128.9,137.0,5.374941860150676,0.7676447682348182,0.1395448079658606,6.225984489600623
2024-04-17,n_scenarios,30,143.0,141.3,153.1,10.589774942525139,2.4460492299393874,0.1532479848269322,8.752975477221211
2024-04-17,n_scenarios,100,143.0,141.24,157.10000000000002,14.338842352156608,3.3695249358858024,0.16167852062588906,9.183744921090094
2024-04-17,n_scenarios,300,143.0,139.37666666666667,156.0,12.45183208295961,3.742111882454017,0.16545282124229493,9.158823089737947
2024-04-20,correlation_scale,0.0,174.0,127.53,138.10000000000002,8.756089309731829,3.0294369914919774,0.15076134699853588,7.896992617852298
2024-04-20,correlation_scale,0.5,174.0,130.12,147.20000000000002,13.281776989544735,3.056193446525266,0.15103953147877014,8.453530302114688
2024-04-20,correlation_scale,1.0,174.0,129.89,147.0,13.481019991083759,3.070246605332263,0.15068814055636895,8.429084338675311
2024-04-20,correlation_scale,1.5,174.0,129.05,147.0,14.2684091615008,3.072353222646007,0.1504245973645681,8.389484993879442
2024-04-20,peak_multiplier,1.0,174.0,129.89,147.0,13.481019991083759,3.070246605332263,0.15068814055636895,8.429084338675311
2024-04-20,peak_multiplier,1.25,174.0,131.35,147.10000000000002,13.51915307998249,4.614252767138604,0.1617130307467057,9.436311162311858
2024-04-20,peak_multiplier,1.5,174.0,132.47,150.10000000000002,13.217000416130734,6.158258928944947,0.1701610541727672,10.477311806376752
2024-04-20,forced_regime,normal,174.0,127.76,144.10000000000002,12.06823930820068,-0.6680600682132117,0.11572474377745241,5.13737373921854
2024-04-20,forced_regime,degrade,174.0,140.29,161.0,13.774828492580227,15.210210299732733,0.2688286969253294,18.856042941818487
2024-04-20,propagation,False,174.0,102.73,119.0,14.38878382630026,3.070246605332263,0.15068814055636895,2.53630099498256
2024-04-20,propagation,True,174.0,129.89,147.0,13.481019991083759,3.070246605332263,0.15068814055636895,8.429084338675311
2024-04-20,n_scenarios,10,174.0,131.6,144.8,12.467557900406959,6.521683076235022,0.1815519765739385,10.458046544403157
2024-04-20,n_scenarios,30,174.0,131.26666666666668,145.3,11.715896133980628,2.209972646227128,0.149194729136164,7.796314720281324
2024-04-20,n_scenarios,100,174.0,129.89,147.0,13.481019991083759,3.070246605332263,0.15068814055636895,8.429084338675311
2024-04-20,n_scenarios,300,174.0,129.21333333333334,146.0,12.966668380462611,3.086264476947099,0.15170815031722792,8.372122198133791
2024-04-29,correlation_scale,0.0,136.0,135.97,149.3,10.550312791571631,2.7392726542387136,0.15569014084507043,7.950549386704537
2024-04-29,correlation_scale,0.5,136.0,138.19,156.10000000000002,13.058862890772689,2.7552087887335874,0.15550704225352113,8.443078061651587
2024-04-29,correlation_scale,1.0,136.0,138.18,154.0,12.5860081042402,2.745966160564456,0.15561971830985916,8.40487210039298
2024-04-29,correlation_scale,1.5,136.0,137.35,155.0,13.3516852868842,2.7066575949750926,0.15580281690140846,8.336386764364258
2024-04-29,peak_multiplier,1.0,136.0,138.18,154.0,12.5860081042402,2.745966160564456,0.15561971830985916,8.40487210039298
2024-04-29,peak_multiplier,1.25,136.0,139.66,156.10000000000002,12.272913264583924,4.297943316070109,0.16649295774647888,9.517575766609884
2024-04-29,peak_multiplier,1.5,136.0,141.34,160.10000000000002,12.545293938365893,5.849920471575761,0.17564788732394365,10.66143367505988
2024-04-29,forced_regime,normal,136.0,136.54,150.20000000000002,11.780848865850034,0.4697896992793472,0.13421126760563382,6.17369080267793
2024-04-29,forced_regime,degrade,136.0,153.84,172.10000000000002,12.809152977461078,17.961805933388785,0.30145070422535214,21.855362968209345
2024-04-29,propagation,False,136.0,108.01,125.10000000000001,13.826420361033437,2.745966160564456,0.15561971830985916,2.0813975988642204
2024-04-29,propagation,True,136.0,138.18,154.0,12.5860081042402,2.745966160564456,0.15561971830985916,8.40487210039298
2024-04-29,n_scenarios,10,136.0,136.3,151.9,14.758387445788243,3.260631728754317,0.1616901408450704,8.443522234633624
2024-04-29,n_scenarios,30,136.0,143.56666666666666,159.60000000000002,12.771539540017178,0.6532860625969441,0.13596244131455398,7.421168618173726
2024-04-29,n_scenarios,100,136.0,138.18,154.0,12.5860081042402,2.745966160564456,0.15561971830985916,8.40487210039298
2024-04-29,n_scenarios,300,136.0,138.75,156.0,13.537632732497954,3.136717839744434,0.15928169014084506,8.733435908714025
2024-05-24,correlation_scale,0.0,165.0,149.75,163.10000000000002,10.397475655177077,3.821060158577617,0.15927807486631015,8.692980181726382
2024-05-24,correlation_scale,0.5,165.0,152.76,169.10000000000002,13.21826009730479,3.354400493294828,0.1559090909090909,8.883074419248922
2024-05-24,correlation_scale,1.0,165.0,153.11,171.0,13.574162957619153,2.8705840910116462,0.15122994652406418,8.639909472687682
2024-05-24,correlation_scale,1.5,165.0,153.56,173.10000000000002,16.63028562592958,2.3761340057493823,0.1474331550802139,8.387288179689056
2024-05-24,peak_multiplier,1.0,165.0,153.11,171.0,13.574162957619153,2.8705840910116462,0.15122994652406418,8.639909472687682
2024-05-24,peak_multiplier,1.25,165.0,154.6,171.10000000000002,13.514436725220921,4.392992644004786,0.1623663101604278,9.730343224742931
2024-05-24,peak_multiplier,1.5,165.0,156.07,173.10000000000002,13.476835682013784,5.9154011969979265,0.17121657754010694,10.855293110344148
2024-05-24,forced_regime,normal,165.0,149.35,165.0,11.532020638205605,0.22365320807940955,0.12394385026737968,5.905590910852696
2024-05-24,forced_regime,degrade,165.0,163.03,185.10000000000002,14.403093417734954,16.69080608083669,0.2832352941176471,20.67333267413683
2024-05-24,propagation,False,165.0,123.16,143.0,15.100145694661363,2.8705840910116462,0.15122994652406418,2.429616235358602
2024-05-24,propagation,True,165.0,153.11,171.0,13.574162957619153,2.8705840910116462,0.15122994652406418,8.639909472687682
2024-05-24,n_scenarios,10,165.0,150.1,164.29999999999998,13.895682782792647,4.355865645422925,0.1663101604278075,8.960365856097843
2024-05-24,n_scenarios,30,165.0,152.56666666666666,172.3,14.240045255858172,4.620811855369849,0.16711229946524064,9.578756298344784
2024-05-24,n_scenarios,100,165.0,153.11,171.0,13.574162957619153,2.8705840910116462,0.15122994652406418,8.639909472687682
2024-05-24,n_scenarios,300,165.0,153.42,172.0,14.32446392248822,3.110251391121128,0.15252673796791444,8.585101463737871
2024-05-27,correlation_scale,0.0,147.0,132.12,145.20000000000002,9.855232112943867,3.4836540205219393,0.15902402402402402,8.090069543027687
2024-05-27,correlation_scale,0.5,147.0,133.95,148.0,11.28572106690574,3.123243399636762,0.15617117117117116,8.182078096122428
2024-05-27,correlation_scale,1.0,147.0,135.09,153.10000000000002,12.818810397224853,2.7810985947803584,0.15435435435435435,8.04417346495208
2024-05-27,correlation_scale,1.5,147.0,136.0,157.10000000000002,17.13300907604966,2.4653198895687085,0.1518018018018018,7.92188202977069
2024-05-27,peak_multiplier,1.0,147.0,135.09,153.10000000000002,12.818810397224853,2.7810985947803584,0.15435435435435435,8.04417346495208
2024-05-27,peak_multiplier,1.25,147.0,136.44,153.10000000000002,12.43006033774575,4.374211091083323,0.16587087087087088,9.104982035039063
2024-05-27,peak_multiplier,1.5,147.0,137.77,155.10000000000002,12.452995623543757,5.967323587386288,0.175015015015015,10.206727037439464
2024-05-27,forced_regime,normal,147.0,131.65,148.0,11.894011098027445,0.38327589431398895,0.13042042042042043,5.708672933231631
2024-05-27,forced_regime,degrade,147.0,145.31,162.10000000000002,14.066765797439011,17.501738849971243,0.2965765765765766,20.725080060723062
2024-05-27,propagation,False,147.0,108.47,127.0,15.52897614139451,2.7810985947803584,0.15435435435435435,2.219222772631093
2024-05-27,propagation,True,147.0,135.09,153.10000000000002,12.818810397224853,2.7810985947803584,0.15435435435435435,8.04417346495208
2024-05-27,n_scenarios,10,147.0,137.0,156.1,13.535139452550904,3.4028871609794265,0.16171171171171173,9.106190009430584
2024-05-27,n_scenarios,30,147.0,135.23333333333332,150.1,11.853785143245267,5.6295234725435295,0.18103103103103102,10.108742951025791
2024-05-27,n_scenarios,100,147.0,135.09,153.10000000000002,12.818810397224853,2.7810985947803584,0.15435435435435435,8.04417346495208
2024-05-27,n_scenarios,300,147.0,133.95,152.0,13.280342616062283,3.8099017882955404,0.16364364364364364,8.774633109116087
2024-06-08,correlation_scale,0.0,158.0,129.98,142.3,10.0707298643147,2.8910747652717346,0.15593796159527326,8.202018759218417
2024-06-08,correlation_scale,0.5,158.0,131.61,148.10000000000002,13.00837806953657,2.7626539703144193,0.1540324963072378,8.540900455173812
2024-06-08,correlation_scale,1.0,158.0,131.38,148.20000000000002,13.5740782375821,2.625314729591731,0.1529394387001477,8.459434802914581
2024-06-08,correlation_scale,1.5,158.0,131.16,152.10000000000002,15.631839303165831,2.449183890075694,0.1519645494830133,8.343241145093291
2024-06-08,peak_multiplier,1.0,158.0,131.38,148.20000000000002,13.5740782375821,2.625314729591731,0.1529394387001477,8.459434802914581
2024-06-08,peak_multiplier,1.25,158.0,133.0,150.10000000000002,13.343163043296743,4.144688797575957,0.16379615952732643,9.527700398882882
2024-06-08,peak_multiplier,1.5,158.0,134.52,152.0,13.3988656236265,5.664062865560183,0.1727474150664697,10.630273340304809
2024-06-08,forced_regime,normal,158.0,131.24,145.0,11.46134372575921,0.07379431626647939,0.12759231905465288,6.461530354234694
2024-06-08,forced_regime,degrade,158.0,145.59,161.0,13.466324665624247,17.074722808459057,0.2920384047267356,22.07205276466199
2024-06-08,propagation,False,158.0,103.99,127.10000000000001,15.33590232102435,2.625314729591731,0.1529394387001477,2.1551764087440257
2024-06-08,propagation,True,158.0,131.38,148.20000000000002,13.5740782375821,2.625314729591731,0.1529394387001477,8.459434802914581
2024-06-08,n_scenarios,10,158.0,136.6,155.7,13.8144851514633,5.9377628631212565,0.18035450516986706,12.400038491600776
2024-06-08,n_scenarios,30,158.0,134.8,145.3,9.927738916792686,4.323390466374181,0.1673067454455933,10.059780092273833
2024-06-08,n_scenarios,100,158.0,131.38,148.20000000000002,13.5740782375821,2.625314729591731,0.1529394387001477,8.459434802914581
2024-06-08,n_scenarios,300,158.0,132.28,149.0,13.015436988437997,3.072251124273058,0.15651895617922207,8.904596797650525
2024-06-13,correlation_scale,0.0,184.0,133.41,147.10000000000002,10.834292778026631,3.4826671881640143,0.1592757660167131,8.614013516268532
2024-06-13,correlation_scale,0.5,184.0,138.11,159.10000000000002,15.693880973169128,3.633446654258648,0.1616991643454039,9.674580619027186
2024-06-13,correlation_scale,1.0,184.0,137.7,158.3,15.532224567009067,3.802974125811632,0.16275766016713092,9.722027518545405
2024-06-13,correlation_scale,1.5,184.0,137.55,159.20000000000002,16.678354235355478,3.987988582242404,0.16385793871866294,9.78892038607739
2024-06-13,peak_multiplier,1.0,184.0,137.7,158.3,15.532224567009067,3.802974125811632,0.16275766016713092,9.722027518545405
2024-06-13,peak_multiplier,1.25,184.0,139.43,159.3,15.93439989456773,5.497954117650225,0.17469359331476322,10.90265430756335
2024-06-13,peak_multiplier,1.5,184.0,141.09,161.20000000000002,15.999434365001784,7.192934109488816,0.18422005571030642,12.11754554369252
2024-06-13,forced_regime,normal,184.0,132.13,144.10000000000002,11.102841978520633,0.08219065426212757,0.1272423398328691,6.022124668823104
2024-06-13,forced_regime,degrade,184.0,151.4,169.10000000000002,13.509256086106296,17.27031971462301,0.2938718662952646,21.011877929116917
2024-06-13,propagation,False,184.0,105.63,126.0,14.241948602631593,3.802974125811632,0.16275766016713092,3.1675586210278164
2024-06-13,propagation,True,184.0,137.7,158.3,15.532224567009067,3.802974125811632,0.16275766016713092,9.722027518545405
2024-06-13,n_scenarios,10,184.0,130.8,146.4,11.84736257569591,0.2890564794268951,0.1309192200557103,5.595775562444385
2024-06-13,n_scenarios,30,184.0,131.73333333333332,146.0,12.826881495082464,3.595987982408178,0.15747446610956362,8.567082725323433
2024-06-13,n_scenarios,100,184.0,137.7,158.3,15.532224567009067,3.802974125811632,0.16275766016713092,9.722027518545405
2024-06-13,n_scenarios,300,184.0,134.35666666666665,153.0,14.6584260940783,3.077444986782737,0.15585422469823584,8.618290763313327
2024-06-21,correlation_scale,0.0,161.0,134.1,147.10000000000002,10.646595700034824,3.3354175545311184,0.16009681881051174,8.393609534464717
2024-06-21,correlation_scale,0.5,161.0,136.5,151.10000000000002,13.269890730522237,3.463458037415319,0.15936376210235131,8.899897908317918
2024-06-21,correlation_scale,1.0,161.0,136.06,153.10000000000002,13.970554749185872,3.5907535389294805,0.16071922544951592,8.928098481870089
2024-06-21,correlation_scale,1.5,161.0,135.38,154.0,15.564562313152273,3.727524417224609,0.16145228215767635,8.953971645780065
2024-06-21,peak_multiplier,1.0,161.0,136.06,153.10000000000002,13.970554749185872,3.5907535389294805,0.16071922544951592,8.928098481870089
2024-06-21,peak_multiplier,1.25,161.0,138.17,155.10000000000002,14.012890494112911,5.275374717996069,0.17240663900414938,10.16458340415479
2024-06-21,peak_multiplier,1.5,161.0,139.87,159.0,14.077396776393,6.959995897062658,0.1823789764868603,11.435349062235508
2024-06-21,forced_regime,normal,161.0,130.82,144.3,11.584800386713617,-0.1039868526289576,0.12586445366528354,5.728422631407445
2024-06-21,forced_regime,degrade,161.0,151.17,169.10000000000002,13.825378837485792,16.888569953891594,0.29243430152143846,20.632421643272796
2024-06-21,propagation,False,161.0,105.18,126.10000000000001,15.482493339252565,3.5907535389294805,0.16071922544951592,2.284769389023477
2024-06-21,propagation,True,161.0,136.06,153.10000000000002,13.970554749185872,3.5907535389294805,0.16071922544951592,8.928098481870089
2024-06-21,n_scenarios,10,161.0,127.5,134.5,6.08687111741328,3.475952289966089,0.15850622406639003,7.615438995267991
2024-06-21,n_scenarios,30,161.0,134.2,147.2,12.248537327643112,2.2796558924902426,0.1507607192254495,7.688391470415876
2024-06-21,n_scenarios,100,161.0,136.06,153.10000000000002,13.970554749185872,3.5907535389294805,0.16071922544951592,8.928098481870089
2024-06-21,n_scenarios,300,161.0,135.97666666666666,153.0,14.245097012266672,2.9926961839058017,0.1561779621945597,8.526135947362725
2024-07-12,correlation_scale,0.0,191.0,141.82,156.0,10.572965525338669,4.433652248901867,0.1701115760111576,9.005615298280997
2024-07-12,correlation_scale,0.5,191.0,143.61,165.10000000000002,14.937131585414921,4.2774692082258055,0.1696373779637378,9.35186932038206
2024-07-12,correlation_scale,1.0,191.0,144.05,162.10000000000002,14.121172047673664,4.131965641079665,0.16750348675034868,9.273694447051843
2024-07-12,correlation_scale,1.5,191.0,144.3,163.0,15.208878985645194,3.9853616605688957,0.16555090655509067,9.215135352734208
2024-07-12,peak_multiplier,1.0,191.0,144.05,162.10000000000002,14.121172047673664,4.131965641079665,0.16750348675034868,9.273694447051843
2024-07-12,peak_multiplier,1.25,191.0,145.37,164.10000000000002,14.253880173482587,5.857477846486226,0.1791492329149233,10.460257176732872
2024-07-12,peak_multiplier,1.5,191.0,146.66,165.10000000000002,14.584388914178064,7.582990051892789,0.18831241283124128,11.68639564808056
2024-07-12,forced_regime,normal,191.0,138.67,154.10000000000002,12.23115284836225,0.2679764605439927,0.12762900976290098,5.806357716690207
2024-07-12,forced_regime,degrade,191.0,154.43,174.20000000000002,14.324283577198546,17.60693486821365,0.29329149232914925,20.751845587984526
2024-07-12,propagation,False,191.0,112.1,133.0,14.46271067262289,4.131965641079665,0.16750348675034868,2.737659088463045
2024-07-12,propagation,True,191.0,144.05,162.10000000000002,14.121172047673664,4.131965641079665,0.16750348675034868,9.273694447051843
2024-07-12,n_scenarios,10,191.0,143.4,147.79999999999998,10.461357464497615,3.1953858948949736,0.1601115760111576,8.679256114531427
2024-07-12,n_scenarios,30,191.0,142.83333333333334,157.60000000000002,11.97242201431644,2.8364267434349837,0.15355648535564853,8.191943020229132
2024-07-12,n_scenarios,100,191.0,144.05,162.10000000000002,14.121172047673664,4.131965641079665,0.16750348675034868,9.273694447051843
2024-07-12,n_scenarios,300,191.0,143.54333333333332,163.0,14.465411235848853,4.492925120093659,0.1694979079497908,9.642457407833996
2024-07-13,correlation_scale,0.0,184.0,138.32,153.20000000000002,10.739534440561192,2.524107190141734,0.1498396501457726,7.771443292025067
2024-07-13,correlation_scale,0.5,184.0,140.4,159.0,14.18802311810916,2.8383192367856154,0.1521137026239067,8.42191146750994
2024-07-13,correlation_scale,1.0,184.0,139.52,157.10000000000002,13.559115015368812,3.1588115878803817,0.15428571428571428,8.54206837774327
2024-07-13,correlation_scale,1.5,184.0,138.48,157.10000000000002,14.898644233620722,3.477573288253884,0.15626822157434403,8.648143985885332
2024-07-13,peak_multiplier,1.0,184.0,139.52,157.10000000000002,13.559115015368812,3.1588115878803817,0.15428571428571428,8.54206837774327
2024-07-13,peak_multiplier,1.25,184.0,140.74,159.0,13.212584909850154,4.740936411558862,0.16540816326530614,9.602511439321134
2024-07-13,peak_multiplier,1.5,184.0,142.2,161.0,13.173458164050928,6.323061235237344,0.1742128279883382,10.698926694108174
2024-07-13,forced_regime,normal,184.0,138.77,155.10000000000002,12.527453851441642,-0.4183194091310197,0.1212536443148688,5.654232496877235
2024-07-13,forced_regime,degrade,184.0,151.44,168.10000000000002,13.214628258108512,15.710032528836718,0.2786588921282799,19.879667782194787
2024-07-13,propagation,False,184.0,110.03,129.0,14.88452552149379,3.1588115878803817,0.15428571428571428,2.25346924613717
2024-07-13,propagation,True,184.0,139.52,157.10000000000002,13.559115015368812,3.1588115878803817,0.15428571428571428,8.54206837774327
2024-07-13,n_scenarios,10,184.0,140.1,150.1,14.85563866011825,5.881019131701239,0.17886297376093294,10.497818342862772
2024-07-13,n_scenarios,30,184.0,140.76666666666668,156.8,13.742108846736572,0.8702256950531482,0.13542274052478134,7.216435465079943
2024-07-13,n_scenarios,100,184.0,139.52,157.10000000000002,13.559115015368812,3.1588115878803817,0.15428571428571428,8.54206837774327
2024-07-13,n_scenarios,300,184.0,141.67666666666668,161.0,14.05911764261502,2.9107045051205436,0.1539067055393586,8.618975980546638
2024-08-15,correlation_scale,0.0,155.0,150.73,164.0,10.024824187984546,3.656560460002192,0.16625172890733056,8.77968574250284
2024-08-15,correlation_scale,0.5,155.0,154.28,172.0,14.18314492628486,3.927519466872084,0.16847856154910096,9.611046374531286
2024-08-15,correlation_scale,1.0,155.0,153.8,174.10000000000002,14.17250859939764,4.2336829795574,0.17037344398340248,9.755157955617904
2024-08-15,correlation_scale,1.5,155.0,153.59,176.10000000000002,16.749385063338895,4.5688777667956515,0.17243430152143846,9.914755967286682
2024-08-15,peak_multiplier,1.0,155.0,153.8,174.10000000000002,14.17250859939764,4.2336829795574,0.17037344398340248,9.755157955617904
2024-08-15,peak_multiplier,1.25,155.0,155.68,176.10000000000002,14.202732131530185,6.033372996122896,0.18193637621023512,11.036991840621663
2024-08-15,peak_multiplier,1.5,155.0,157.45,176.0,14.107710657651014,7.833063012688391,0.1911756569847856,12.364047733983154
2024-08-15,forced_regime,normal,155.0,149.88,165.20000000000002,12.947802902423252,0.15179260997836536,0.13230982019363763,6.128739858672931
2024-08-15,forced_regime,degrade,155.0,167.4,184.0,14.040655255364689,17.830537036118596,0.30135546334716456,21.88687468822211
2024-08-15,propagation,False,155.0,119.87,141.10000000000002,17.148559706284374,4.2336829795574,0.17037344398340248,2.8406998097205336
2024-08-15,propagation,True,155.0,153.8,174.10000000000002,14.17250859939764,4.2336829795574,0.17037344398340248,9.755157955617904
2024-08-15,n_scenarios,10,155.0,156.2,170.4,13.876599006961325,6.661362514971996,0.20179806362378977,11.50852494805411
2024-08-15,n_scenarios,30,155.0,154.93333333333334,174.1,15.103936205138343,1.9467333957894346,0.15389580451821117,8.525233206432613
2024-08-15,n_scenarios,100,155.0,153.8,174.10000000000002,14.17250859939764,4.2336829795574,0.17037344398340248,9.755157955617904
2024-08-15,n_scenarios,300,155.0,152.7,171.10000000000002,14.823067608741901,4.543438572951877,0.17346242508068235,10.07821755884229
2024-09-13,correlation_scale,0.0,166.0,162.32,181.0,12.705022628866113,4.590503229230769,0.17172903225806452,9.630981826764598
2024-09-13,correlation_scale,0.5,166.0,164.04,187.10000000000002,16.76777862449287,4.540313474441323,0.17184516129032257,10.029499979291312
2024-09-13,correlation_scale,1.0,166.0,163.58,185.0,16.425699376282278,4.517660578726457,0.1706451612903226,9.989540896087693
2024-09-13,correlation_scale,1.5,166.0,164.15,187.0,18.036837305913696,4.515244549671998,0.1703225806451613,9.966211735918117
2024-09-13,peak_multiplier,1.0,166.0,163.58,185.0,16.425699376282278,4.517660578726457,0.1706451612903226,9.989540896087693
2024-09-13,peak_multiplier,1.25,166.0,165.83,188.10000000000002,16.536659275682013,6.199236217727234,0.18183225806451614,11.14273777246577
2024-09-13,peak_multiplier,1.5,166.0,167.41,191.0,16.685979144179704,7.88081185672801,0.19063225806451614,12.33135520975253
2024-09-13,forced_regime,normal,166.0,161.26,177.0,12.436735906177312,0.19869596800669626,0.12941935483870967,6.389275812016029
2024-09-13,forced_regime,degrade,166.0,180.63,203.0,16.391250714939357,17.8623392728228,0.29945806451612905,22.15048250494266
2024-09-13,propagation,False,166.0,126.13,145.0,16.667126326994705,4.517660578726457,0.1706451612903226,2.766693649252378
2024-09-13,propagation,True,166.0,163.58,185.0,16.425699376282278,4.517660578726457,0.1706451612903226,9.989540896087693
2024-09-13,n_scenarios,10,166.0,175.0,198.3,17.59545395833822,6.2256343207882585,0.1841290322580645,12.466524135719848
2024-09-13,n_scenarios,30,166.0,164.9,183.1,13.607228471171736,3.3526322250845118,0.1593978494623656,9.034046900851488
2024-09-13,n_scenarios,100,166.0,163.58,185.0,16.425699376282278,4.517660578726457,0.1706451612903226,9.989540896087693
2024-09-13,n_scenarios,300,166.0,163.94666666666666,186.0,16.858938941173676,4.1295057630453496,0.16661505376344085,9.61736786742798
2024-09-26,correlation_scale,0.0,147.0,145.32,160.0,11.092231515795188,3.7281850954963702,0.1630532212885154,8.094676164788346
2024-09-26,correlation_scale,0.5,147.0,148.61,166.10000000000002,13.602863669095562,3.99385939281922,0.16550420168067226,8.890761527142303
2024-09-26,correlation_scale,1.0,147.0,147.87,166.10000000000002,14.627135741490882,4.260561502111614,0.1673249299719888,8.972990625901936
2024-09-26,correlation_scale,1.5,147.0,146.75,168.20000000000002,16.47444991494405,4.528302561943905,0.16904761904761906,9.050112728872104
2024-09-26,peak_multiplier,1.0,147.0,147.87,166.10000000000002,14.627135741490882,4.260561502111614,0.1673249299719888,8.972990625901936
2024-09-26,peak_multiplier,1.25,147.0,149.56,167.10000000000002,14.458436983298022,5.850067259337302,0.17819327731092438,9.98413350857314
2024-09-26,peak_multiplier,1.5,147.0,151.01,169.3,14.620872067014334,7.439573016562991,0.18764705882352942,11.030229430664528
2024-09-26,forced_regime,normal,147.0,144.98,161.0,12.529150011074176,-0.002208148813879514,0.12563025210084033,5.550597852688553
2024-09-26,forced_regime,degrade,147.0,159.75,175.10000000000002,14.522654715994593,17.432799217540747,0.29334733893557424,19.925791921432644
2024-09-26,propagation,False,147.0,115.02,135.10000000000002,16.816051855295882,4.260561502111614,0.1673249299719888,2.5976755436749155
2024-09-26,propagation,True,147.0,147.87,166.10000000000002,14.627135741490882,4.260561502111614,0.1673249299719888,8.972990625901936
2024-09-26,n_scenarios,10,147.0,150.3,161.6,16.703592427977878,5.378159419074663,0.17563025210084032,9.997549591434447
2024-09-26,n_scenarios,30,147.0,147.63333333333333,164.2,10.83661488760315,2.983555862442115,0.1557422969187675,8.10459820280417
2024-09-26,n_scenarios,100,147.0,147.87,166.10000000000002,14.627135741490882,4.260561502111614,0.1673249299719888,8.972990625901936
2024-09-26,n_scenarios,300,147.0,147.63,168.10000000000002,14.556777344820064,4.197759671306069,0.16666199813258636,9.009644355562376
2024-10-09,correlation_scale,0.0,124.0,128.24,143.0,10.372193596342095,3.629671549323738,0.16263081395348838,8.901375523948133
2024-10-09,correlation_scale,0.5,124.0,130.07,149.10000000000002,15.183053052663682,3.5930900896262576,0.16234011627906977,9.50852064407548
2024-10-09,correlation_scale,1.0,124.0,130.0,146.40000000000003,13.888124423405776,3.529917552324278,0.16111918604651163,9.453084333530102
2024-10-09,correlation_scale,1.5,124.0,128.61,151.0,14.743062775420851,3.417154861677435,0.16082848837209301,9.359838233245927
2024-10-09,peak_multiplier,1.0,124.0,130.0,146.40000000000003,13.888124423405776,3.529917552324278,0.16111918604651163,9.453084333530102
2024-10-09,peak_multiplier,1.25,124.0,131.82,150.20000000000002,14.186881264041087,5.238247410720759,0.17392441860465116,10.673692313639393
2024-10-09,peak_multiplier,1.5,124.0,133.31,154.0,14.314814005078796,6.94657726911724,0.18351744186046512,11.927749542372963
2024-10-09,forced_regime,normal,124.0,126.17,140.10000000000002,10.102529386247783,0.5545012824020494,0.13334302325581396,6.586740863483204
2024-10-09,forced_regime,degrade,124.0,145.69,161.0,11.80736634478663,18.09854722081565,0.3012063953488372,22.32907943996381
2024-10-09,propagation,False,124.0,100.6,118.0,13.960659010233005,3.529917552324278,0.16111918604651163,2.613256305903887
2024-10-09,propagation,True,124.0,130.0,146.40000000000003,13.888124423405776,3.529917552324278,0.16111918604651163,9.453084333530102
2024-10-09,n_scenarios,10,124.0,128.5,144.5,19.11674658512792,2.626450148692545,0.16031976744186047,8.936312987122166
2024-10-09,n_scenarios,30,124.0,128.53333333333333,141.0,11.84267237108622,1.520931587031275,0.14762596899224806,7.743772244319006
2024-10-09,n_scenarios,100,124.0,130.0,146.40000000000003,13.888124423405776,3.529917552324278,0.16111918604651163,9.453084333530102
2024-10-09,n_scenarios,300,124.0,130.70666666666668,150.0,13.94371861767473,3.625649082727701,0.1625968992248062,9.486506552387567
2024-10-13,correlation_scale,0.0,149.0,149.21,169.10000000000002,12.95476360262896,4.9466123280760845,0.1746508563899868,10.249736703401526
2024-10-13,correlation_scale,0.5,149.0,150.02,171.10000000000002,17.03348466990827,5.242817015479439,0.17760210803689064,10.942001725612815
2024-10-13,correlation_scale,1.0,149.0,148.73,167.0,15.094273748677013,5.583377442954909,0.18160737812911726,11.091174071039845
2024-10-13,correlation_scale,1.5,149.0,147.78,165.20000000000002,15.243083677524044,5.95657634237468,0.18433465085638998,11.277663239087644
2024-10-13,peak_multiplier,1.0,149.0,148.73,167.0,15.094273748677013,5.583377442954909,0.18160737812911726,11.091174071039845
2024-10-13,peak_multiplier,1.25,149.0,151.25,169.20000000000002,15.277679797665613,7.5431352122822455,0.19345191040843215,12.556455772453475
2024-10-13,peak_multiplier,1.5,149.0,153.18,173.10000000000002,15.200249997944113,9.50289298160958,0.20339920948616602,14.061996439833916
2024-10-13,forced_regime,normal,149.0,144.66,161.10000000000002,12.936939359833143,0.8622567623118602,0.1364163372859025,7.098491080639317
2024-10-13,forced_regime,degrade,149.0,167.1,185.10000000000002,14.174272468102199,18.64314778618037,0.3087220026350461,23.603281607597314
2024-10-13,propagation,False,149.0,111.84,130.10000000000002,15.047072805034208,5.583377442954909,0.18160737812911726,3.022181664099526
2024-10-13,propagation,True,149.0,148.73,167.0,15.094273748677013,5.583377442954909,0.18160737812911726,11.091174071039845
2024-10-13,n_scenarios,10,149.0,150.2,162.6,14.027116596079184,3.2197388853693916,0.1627140974967062,9.242040665542348
2024-10-13,n_scenarios,30,149.0,156.96666666666667,173.2,14.586485373644864,5.238994506507391,0.18274044795783925,11.858140831974296
2024-10-13,n_scenarios,100,149.0,148.73,167.0,15.094273748677013,5.583377442954909,0.18160737812911726,11.091174071039845
2024-10-13,n_scenarios,300,149.0,149.14666666666668,168.0,14.474983784293356,4.0728514646624445,0.16839262187088275,10.057188082579437
2024-10-16,correlation_scale,0.0,129.0,143.19,160.20000000000002,11.856386464686446,3.73317815741505,0.16585135135135134,9.211830276489687
2024-10-16,correlation_scale,0.5,129.0,147.25,163.10000000000002,13.584826093844558,3.7589100870120826,0.16664864864864865,9.963933051756012
2024-10-16,correlation_scale,1.0,129.0,146.8,165.10000000000002,13.277047864642203,3.7752772415193503,0.16613513513513514,9.947077989963281
2024-10-16,correlation_scale,1.5,129.0,145.84,163.10000000000002,13.185385849492611,3.789496890708105,0.16627027027027028,9.944476561639377
2024-10-16,peak_multiplier,1.0,129.0,146.8,165.10000000000002,13.277047864642203,3.7752772415193503,0.16613513513513514,9.947077989963281
2024-10-16,peak_multiplier,1.25,129.0,148.86,167.0,13.52110942193724,5.5485935458271465,0.1782027027027027,11.25733240828447
2024-10-16,peak_multiplier,1.5,129.0,150.71,169.0,13.5331408032282,7.321909850134942,0.18837837837837837,12.600711595010232
2024-10-16,forced_regime,normal,129.0,140.67,156.0,12.292318739765904,0.635096887964386,0.13602702702702701,6.952510999470755
2024-10-16,forced_regime,degrade,129.0,162.39,184.20000000000002,15.605700881408692,18.96127878733827,0.30995945945945946,23.63282854572063
2024-10-16,propagation,False,129.0,112.59,130.10000000000002,14.65339209875993,3.7752772415193503,0.16613513513513514,2.679085554636416
2024-10-16,propagation,True,129.0,146.8,165.10000000000002,13.277047864642203,3.7752772415193503,0.16613513513513514,9.947077989963281
2024-10-16,n_scenarios,10,129.0,143.4,159.6,13.093509842666327,4.130504994779451,0.17243243243243242,9.472223869748197
2024-10-16,n_scenarios,30,129.0,147.33333333333334,164.4,13.634107557478371,4.411122003104429,0.17238738738738738,10.862538201451354
2024-10-16,n_scenarios,100,129.0,146.8,165.10000000000002,13.277047864642203,3.7752772415193503,0.16613513513513514,9.947077989963281
2024-10-16,n_scenarios,300,129.0,144.08,163.10000000000002,15.291182644474125,3.764782860312572,0.16593693693693692,9.777737287161141
2024-10-22,correlation_scale,0.0,127.0,140.44,154.0,10.86767684466188,4.599252722211435,0.17222677595628416,9.790124646811964
2024-10-22,correlation_scale,0.5,127.0,142.74,161.10000000000002,15.183952054718823,4.2511743524817485,0.16919398907103825,10.039737670478921
2024-10-22,correlation_scale,1.0,127.0,142.19,161.3,15.10145357242143,3.8725187019323855,0.16601092896174863,9.831113343221617
2024-10-22,correlation_scale,1.5,127.0,141.84,160.60000000000005,15.710327813257111,3.47268792708995,0.16210382513661203,9.616035120539966
2024-10-22,peak_multiplier,1.0,127.0,142.19,161.3,15.10145357242143,3.8725187019323855,0.16601092896174863,9.831113343221617
2024-10-22,peak_multiplier,1.25,127.0,144.01,163.10000000000002,15.285610880825145,5.625810782353817,0.17807377049180328,11.138004416103874
2024-10-22,peak_multiplier,1.5,127.0,146.16,166.3,15.638235194548011,7.379102862775249,0.18818306010928962,12.478833693048056
2024-10-22,forced_regime,normal,127.0,137.09,152.0,10.971868573766276,0.420714232016207,0.13352459016393442,6.6832240203313455
2024-10-22,forced_regime,degrade,127.0,157.34,175.20000000000002,13.66617722700829,18.439108699654938,0.30523224043715846,22.99801821164754
2024-10-22,propagation,False,127.0,108.75,125.10000000000001,14.51163326438482,3.8725187019323855,0.16601092896174863,2.61525834501023
2024-10-22,propagation,True,127.0,142.19,161.3,15.10145357242143,3.8725187019323855,0.16601092896174863,9.831113343221617
2024-10-22,n_scenarios,10,127.0,145.1,153.29999999999998,13.938794782907166,6.238469902430291,0.18510928961748635,12.479551220677896
2024-10-22,n_scenarios,30,127.0,142.2,160.3,13.658696863171098,3.0670941026417546,0.1564207650273224,9.281720264941972
2024-10-22,n_scenarios,100,127.0,142.19,161.3,15.10145357242143,3.8725187019323855,0.16601092896174863,9.831113343221617
2024-10-22,n_scenarios,300,127.0,142.28333333333333,162.0,15.226831216273755,3.7832641129824185,0.16488615664845174,9.71256638892768
2024-10-27,correlation_scale,0.0,132.0,147.6,164.0,11.586198686368192,3.0877121950191633,0.15894736842105264,8.749318674663096
2024-10-27,correlation_scale,0.5,132.0,152.76,174.10000000000002,16.96886560734099,3.299439970256916,0.16238157894736843,9.745775299928809
2024-10-27,correlation_scale,1.0,132.0,152.08,169.40000000000003,16.055952167342802,3.543615946434749,0.16364473684210526,9.862980053249535
2024-10-27,correlation_scale,1.5,132.0,151.14,178.0,17.785960755607217,3.7943475994906293,0.16614473684210526,9.98083020294085
2024-10-27,peak_multiplier,1.0,132.0,152.08,169.40000000000003,16.055952167342802,3.543615946434749,0.16364473684210526,9.862980053249535
2024-10-27,peak_multiplier,1.25,132.0,154.21,173.20000000000002,15.97954630144423,5.221844085341481,0.1758157894736842,11.109990672222908
2024-10-27,peak_multiplier,1.5,132.0,155.88,175.20000000000002,15.776108518896539,6.900072224248213,0.18546052631578946,12.391680796776308
2024-10-27,forced_regime,normal,132.0,145.54,160.0,11.112533464516542,-0.7740637535296143,0.12296052631578948,5.811366815457445
2024-10-27,forced_regime,degrade,132.0,164.37,179.20000000000002,13.324905252946454,16.33697383177997,0.2910526315789474,21.430000451712765
2024-10-27,propagation,False,132.0,118.11,136.10000000000002,15.517019688071546,3.543615946434749,0.16364473684210526,2.8083301528936455
2024-10-27,propagation,True,132.0,152.08,169.40000000000003,16.055952167342802,3.543615946434749,0.16364473684210526,9.862980053249535
2024-10-27,n_scenarios,10,132.0,149.1,166.9,11.936917525056458,1.2334774242274096,0.14078947368421052,7.377759238689296
2024-10-27,n_scenarios,30,132.0,146.03333333333333,160.1,12.128433076407227,2.469097862894809,0.15223684210526317,8.026131778866214
2024-10-27,n_scenarios,100,132.0,152.08,169.40000000000003,16.055952167342802,3.543615946434749,0.16364473684210526,9.862980053249535
2024-10-27,n_scenarios,300,132.0,149.90333333333334,168.10000000000002,14.133670986532676,4.446688424516148,0.17135964912280702,10.099573872572494
2024-10-28,correlation_scale,0.0,135.0,151.1,169.10000000000002,12.314625451064275,3.8684116108344813,0.16660026560424968,9.20043338367595
2024-10-28,correlation_scale,0.5,135.0,153.98,175.10000000000002,16.55112080796947,3.927919482340999,0.16675962815405046,9.944863445199166
2024-10-28,correlation_scale,1.0,135.0,152.72,176.10000000000002,16.623525498521666,3.978709705798904,0.16741035856573705,9.931952409958745
2024-10-28,correlation_scale,1.5,135.0,152.38,176.20000000000002,18.315993011573248,4.018212548884361,0.16841965471447543,9.920216061656351
2024-10-28,peak_multiplier,1.0,135.0,152.72,176.10000000000002,16.623525498521666,3.978709705798904,0.16741035856573705,9.931952409958745
2024-10-28,peak_multiplier,1.25,135.0,155.03,180.10000000000002,16.394788806203024,5.664905818976089,0.1796281540504648,11.179159628860521
2024-10-28,peak_multiplier,1.5,135.0,157.06,181.20000000000002,16.401109718552583,7.351101932153273,0.189933598937583,12.461057874283965
2024-10-28,forced_regime,normal,135.0,149.97,167.0,12.258429752623293,0.6302221402028945,0.13482071713147412,6.728500788314701
2024-10-28,forced_regime,degrade,135.0,169.36,185.0,12.662164112030771,18.815843918537002,0.30667994687915007,23.201995190850333
2024-10-28,propagation,False,135.0,117.44,142.10000000000002,17.082341759840773,3.978709705798904,0.16741035856573705,2.6602261400915626
2024-10-28,propagation,True,135.0,152.72,176.10000000000002,16.623525498521666,3.978709705798904,0.16741035856573705,9.931952409958745
2024-10-28,n_scenarios,10,135.0,150.4,170.1,16.983521425193302,5.107964530793666,0.17662682602921648,10.662153086017586
2024-10-28,n_scenarios,30,135.0,151.36666666666667,166.0,12.483277703480855,2.2149084410292765,0.15179282868525895,8.085951404910439
2024-10-28,n_scenarios,100,135.0,152.72,176.10000000000002,16.623525498521666,3.978709705798904,0.16741035856573705,9.931952409958745
2024-10-28,n_scenarios,300,135.0,154.48,177.0,16.10371385736843,4.573918899021432,0.17103585657370518,10.496745450011025
2024-11-05,correlation_scale,0.0,75.0,86.41,95.10000000000001,7.031493440230176,2.0671769720478013,0.14488,7.025398680665891
2024-11-05,correlation_scale,0.5,75.0,88.5,100.0,8.983874442577656,1.9610914844397833,0.14382,7.524413868205734
2024-11-05,correlation_scale,1.0,75.0,88.57,99.10000000000001,9.019151844824433,1.8353266568395752,0.14288,7.446521871096662
2024-11-05,correlation_scale,1.5,75.0,88.89,102.20000000000002,11.156966433578619,1.6854366947376784,0.14338,7.357475896009693
2024-11-05,peak_multiplier,1.0,75.0,88.57,99.10000000000001,9.019151844824433,1.8353266568395752,0.14288,7.446521871096662
2024-11-05,peak_multiplier,1.25,75.0,89.58,100.0,9.341498809077695,3.1084361250246504,0.15252,8.232271096747818
2024-11-05,peak_multiplier,1.5,75.0,90.29,101.10000000000001,9.376881144602399,4.381545593209725,0.15966,9.048360633630661
2024-11-05,forced_regime,normal,75.0,86.09,95.10000000000001,8.013856749405994,-0.9040016758722723,0.1152,4.820049221512467
2024-11-05,forced_regime,degrade,75.0,92.74,105.0,9.379360319339481,13.630815578092452,0.26146,17.248190701129253
2024-11-05,propagation,False,75.0,71.11,86.10000000000001,11.464636932759797,1.8353266568395752,0.14288,2.3271961332238362
2024-11-05,propagation,True,75.0,88.57,99.10000000000001,9.019151844824433,1.8353266568395752,0.14288,7.446521871096662
2024-11-05,n_scenarios,10,75.0,86.3,96.2,6.388270501473775,1.1377775483888815,0.133,7.2610385538156175
2024-11-05,n_scenarios,30,75.0,87.96666666666667,99.1,10.518185310319563,2.199265041301577,0.14393333333333333,7.309216764440126
2024-11-05,n_scenarios,100,75.0,88.57,99.10000000000001,9.019151844824433,1.8353266568395752,0.14288,7.446521871096662
2024-11-05,n_scenarios,300,75.0,87.53,99.10000000000002,9.772193544269713,2.06215419899228,0.14326,7.400806387877933
2024-11-19,correlation_scale,0.0,97.0,110.43,120.0,8.642054153961313,3.281617968257153,0.15921768707482994,8.204319358898024
2024-11-19,correlation_scale,0.5,97.0,110.73,124.0,12.004045151531212,3.082128918251638,0.1575,8.422083564264742
2024-11-19,correlation_scale,1.0,97.0,110.83,125.10000000000001,12.218064494837142,2.8716121637697922,0.156734693877551,8.251754935728313
2024-11-19,correlation_scale,1.5,97.0,110.54,128.0,13.909291858322623,2.688308350181421,0.15477891156462584,8.089556204269352
2024-11-19,peak_multiplier,1.0,97.0,110.83,125.10000000000001,12.218064494837142,2.8716121637697922,0.156734693877551,8.251754935728313
2024-11-19,peak_multiplier,1.25,97.0,111.7,125.10000000000001,12.039518262787759,4.375616653861759,0.16775510204081634,9.268226511578314
2024-11-19,peak_multiplier,1.5,97.0,112.58,126.10000000000001,11.755152061968404,5.8796211439537265,0.17634353741496597,10.324784467410034
2024-11-19,forced_regime,normal,97.0,108.62,123.10000000000001,10.547777016983245,-0.037314468216948185,0.1260374149659864,5.741480479353954
2024-11-19,forced_regime,degrade,97.0,121.11,138.20000000000002,12.114367503093177,16.922180874920752,0.291156462585034,20.77647799558563
2024-11-19,propagation,False,97.0,88.62,107.10000000000001,13.750476355384928,2.8716121637697922,0.156734693877551,2.4739715455903606
2024-11-19,propagation,True,97.0,110.83,125.10000000000001,12.218064494837142,2.8716121637697922,0.156734693877551,8.251754935728313
2024-11-19,n_scenarios,10,97.0,106.7,114.2,6.132699242584786,1.8357384880543142,0.14387755102040817,6.993960508816055
2024-11-19,n_scenarios,30,97.0,108.93333333333334,124.0,11.701661800312335,0.7122019600565143,0.13514739229024944,6.417109196071907
2024-11-19,n_scenarios,100,97.0,110.83,125.10000000000001,12.218064494837142,2.8716121637697922,0.156734693877551,8.251754935728313
2024-11-19,n_scenarios,300,97.0,111.88666666666667,128.0,12.142507520643703,3.3355746306829617,0.16039115646258503,8.701418791633783
2024-11-22,correlation_scale,0.0,135.0,141.26,154.0,9.984608154554689,3.5573527687568434,0.16278154681139756,8.560498814965841
2024-11-22,correlation_scale,0.5,135.0,143.3,166.10000000000002,14.620875486782587,3.3045039424805327,0.16067842605156038,8.885900278244273
2024-11-22,correlation_scale,1.0,135.0,143.85,165.20000000000002,15.780605184846365,2.9695289501055706,0.15834464043419266,8.693932122706954
2024-11-22,correlation_scale,1.5,135.0,143.3,167.0,18.133670340005633,2.5622087326350482,0.15544097693351425,8.4511353878243
2024-11-22,peak_multiplier,1.0,135.0,143.85,165.20000000000002,15.780605184846365,2.9695289501055706,0.15834464043419266,8.693932122706954
2024-11-22,peak_multiplier,1.25,135.0,145.59,166.0,16.077994277894245,4.5752029171343676,0.1694436906377205,9.844655953852271
2024-11-22,peak_multiplier,1.5,135.0,147.31,169.0,16.22201898655035,6.180876884163164,0.17867028493894166,11.035096170240498
2024-11-22,forced_regime,normal,135.0,140.04,153.20000000000002,11.41483245606347,-0.6196082955766966,0.12450474898236093,5.2889404893482705
2024-11-22,forced_regime,degrade,135.0,156.66,171.0,13.918491297550895,16.115377909311984,0.2884124830393487,20.109207895802623
2024-11-22,propagation,False,135.0,112.87,133.20000000000002,17.002738014802205,2.9695289501055706,0.15834464043419266,2.3532992682060954
2024-11-22,propagation,True,135.0,143.85,165.20000000000002,15.780605184846365,2.9695289501055706,0.15834464043419266,8.693932122706954
2024-11-22,n_scenarios,10,135.0,138.9,154.2,11.742657280190032,0.4419497276648174,0.1327001356852103,6.092500509397577
2024-11-22,n_scenarios,30,135.0,143.5,165.9,17.314252318056745,3.2694951251349744,0.1614654002713704,8.940951750419861
2024-11-22,n_scenarios,100,135.0,143.85,165.20000000000002,15.780605184846365,2.9695289501055706,0.15834464043419266,8.693932122706954
2024-11-22,n_scenarios,300,135.0,144.08666666666667,163.10000000000002,14.333846502441538,3.0879002326352403,0.1602894617819991,8.623521983471093
