parameter,value,real_conflicts,conflicts_mean,conflicts_q90,conflicts_std,A_mean,A_gt15,D_mean,bias_pct
correlation_scale,0.0,141.93333333333334,131.65099999999998,145.45333333333335,10.235125757652785,3.415547680659125,0.16001826417565654,8.413585389487347,-7.244480976984514
correlation_scale,0.5,141.93333333333334,134.08333333333334,151.46333333333334,13.60011562341263,3.401731313971566,0.16003759247149377,8.948260685346991,-5.53076561766087
correlation_scale,1.0,141.93333333333334,133.85,151.27,13.635678557141249,3.3840521106940575,0.15989863281386305,8.916451501278285,-5.6951620479098235
correlation_scale,1.5,141.93333333333334,133.50133333333332,153.3066666666667,15.258157135547902,3.36116259758882,0.1596913752310177,8.88187152674766,-5.940817285110392
peak_multiplier,1.0,141.93333333333334,133.85,151.27,13.635678557141249,3.3840521106940575,0.15989863281386305,8.916451501278285,-5.6951620479098235
peak_multiplier,1.25,141.93333333333334,135.46566666666666,152.98333333333332,13.628767234379428,5.009391555150287,0.17123520910344373,10.04343198176477,-4.556834194457497
peak_multiplier,1.5,141.93333333333334,136.913,154.75,13.640031661446171,6.634730999606514,0.1804912348883804,11.2062458991654,-3.5371066228276136
forced_regime,normal,141.93333333333334,130.62,145.21333333333334,11.5094807357585,-0.0109894370509426,0.12700216050672816,5.88161214941928,-7.970878346641615
forced_regime,degrade,141.93333333333334,146.483,163.87333333333336,13.3891054336136,17.031746608392098,0.29173877962635025,20.941931380531503,3.205495537811179
propagation,0.0,141.93333333333334,104.81233333333333,123.56333333333333,14.724569475656867,3.3840521106940575,0.15989863281386305,2.4883478119176323,-26.153828088304373
propagation,1.0,141.93333333333334,133.85,151.27,13.635678557141249,3.3840521106940575,0.15989863281386305,8.916451501278285,-5.6951620479098235
n_scenarios,10,141.93333333333334,133.27333333333334,145.99333333333334,11.929905523369943,3.4224086521268426,0.16055636212341018,8.79448400820772,-6.101456082667917
n_scenarios,30,141.93333333333334,134.21333333333334,149.39666666666665,12.442287210931912,3.2075842346255286,0.1584430379586296,8.7871199989089,-5.43917332080789
n_scenarios,100,141.93333333333334,133.85,151.27,13.635678557141249,3.3840521106940575,0.15989863281386305,8.916451501278285,-5.6951620479098235
n_scenarios,300,141.93333333333334,133.66977777777777,151.48999999999998,13.59377474864565,3.498181533215086,0.16075231490566227,8.955807204407364,-5.822138719273534
