state,region
CT,Northeast
ME,Northeast
MA,Northeast
NH,Northeast
RI,Northeast
VT,Northeast
NJ,Northeast
NY,Northeast
PA,Northeast
DE,Southeast
MD,Southeast
DC,Southeast
VA,Southeast
WV,Southeast
NC,Southeast
SC,Southeast
GA,Southeast
FL,Southeast
KY,Southeast
TN,Southeast
AL,Southeast
MS,Southeast
OH,Midwest
IN,Midwest
IL,Midwest
MI,Midwest
WI,Midwest
MN,Midwest
IA,Midwest
MO,Midwest
ND,Midwest
SD,Midwest
NE,Midwest
KS,Midwest
AR,South-Central
LA,South-Central
OK,South-Central
TX,South-Central
MT,Mountain
ID,Mountain
WY,Mountain
CO,Mountain
NM,Mountain
AZ,Mountain
UT,Mountain
NV,Mountain
WA,West
OR,West
CA,West
AK,Alaska/Hawaii
HI,Alaska/Hawaii
PR,Territories
VI,Territories
TT,Territories
