date,buffer,status,runtime,n_stands,n_rotations,n_unassigned,objective
2024-01-01,5.0,GREEDY_FALLBACK,8.645211219787598,120,587,0,24342399.470327146
2024-01-01,15.0,GREEDY_FALLBACK,9.120475053787231,120,587,0,25268099.63417593
2024-01-04,5.0,GREEDY_FALLBACK,8.167710304260254,115,556,0,21925438.984138593
2024-01-04,15.0,GREEDY_FALLBACK,8.549351215362549,115,556,4,28478705.53739454
2024-01-07,5.0,GREEDY_FALLBACK,8.41832947731018,113,637,0,23584017.97731126
2024-01-07,15.0,GREEDY_FALLBACK,8.740926027297974,113,637,4,30226103.4732068
2024-01-10,5.0,GREEDY_FALLBACK,8.750484943389893,122,627,0,25203650.100929428
2024-01-10,15.0,GREEDY_FALLBACK,9.484049081802368,122,627,7,35906679.527019076
2024-01-13,5.0,GREEDY_FALLBACK,8.699547529220581,115,538,1,24093067.191971533
2024-01-13,15.0,GREEDY_FALLBACK,7.392744064331055,115,538,6,31717832.38713724
2024-01-16,5.0,GREEDY_FALLBACK,6.157369613647461,111,498,2,23278772.566941507
2024-01-16,15.0,GREEDY_FALLBACK,6.150231122970581,111,498,5,28383826.779470753
2024-01-19,5.0,GREEDY_FALLBACK,6.923475503921509,115,625,0,26824327.359769974
2024-01-19,15.0,GREEDY_FALLBACK,6.81414270401001,115,625,5,34633530.78714271
2024-01-22,5.0,GREEDY_FALLBACK,6.324201345443726,116,621,0,25042346.08830179
2024-01-22,15.0,GREEDY_FALLBACK,6.612210512161255,116,621,4,31040684.736060627
2024-01-25,5.0,GREEDY_FALLBACK,8.22100830078125,114,619,4,29932617.98132252
2024-01-25,15.0,GREEDY_FALLBACK,8.119097471237183,114,619,17,49107149.36119267
2024-01-28,5.0,GREEDY_FALLBACK,7.845041990280151,112,632,1,28254153.507014606
2024-01-28,15.0,GREEDY_FALLBACK,9.62395691871643,112,632,8,39035909.527198955
2024-01-31,5.0,GREEDY_FALLBACK,7.701563835144043,121,630,0,23914490.463719256
2024-01-31,15.0,GREEDY_FALLBACK,10.493622779846191,121,630,4,30472647.855025053
2024-02-03,5.0,GREEDY_FALLBACK,6.9665820598602295,118,602,0,21735237.54537268
2024-02-03,15.0,GREEDY_FALLBACK,8.34038758277893,118,602,5,29423438.071273677
2024-02-06,5.0,GREEDY_FALLBACK,6.957108020782471,123,532,0,21072125.799907327
2024-02-06,15.0,GREEDY_FALLBACK,6.732321739196777,123,532,2,24468101.18785925
2024-02-09,5.0,GREEDY_FALLBACK,7.932619094848633,116,636,1,28671948.979737453
2024-02-09,15.0,GREEDY_FALLBACK,7.581539630889893,116,636,4,33862418.77371602
2024-02-12,5.0,GREEDY_FALLBACK,7.623619794845581,119,630,0,25028074.20860521
2024-02-12,15.0,GREEDY_FALLBACK,7.5655200481414795,119,630,2,28811841.43558181
2024-02-15,5.0,GREEDY_FALLBACK,8.16277027130127,124,644,0,26305260.635196853
2024-02-15,15.0,GREEDY_FALLBACK,8.048229694366455,124,644,2,30417773.48506799
2024-02-18,5.0,GREEDY_FALLBACK,7.53595757484436,127,632,0,25594600.12277681
2024-02-18,15.0,GREEDY_FALLBACK,7.6432130336761475,127,632,3,30606324.23210241
2024-02-21,5.0,GREEDY_FALLBACK,6.46796441078186,123,626,0,23942767.511796597
2024-02-21,15.0,GREEDY_FALLBACK,10.325845003128052,123,626,2,27392372.81581075
2024-02-24,5.0,GREEDY_FALLBACK,8.026025772094727,133,620,0,24544141.56458158
2024-02-24,15.0,GREEDY_FALLBACK,7.7158730030059814,133,620,1,26687587.491065368
2024-02-27,5.0,GREEDY_FALLBACK,6.760370492935181,118,605,0,24829593.493521586
2024-02-27,15.0,GREEDY_FALLBACK,6.9809019565582275,118,605,10,39943653.268951096
2024-03-01,5.0,GREEDY_FALLBACK,10.630138158798218,124,640,0,22729767.101793736
2024-03-01,15.0,GREEDY_FALLBACK,6.810230255126953,124,640,2,26305793.825572636
2024-03-04,5.0,GREEDY_FALLBACK,7.839885234832764,121,639,0,25883229.59320803
2024-03-04,15.0,GREEDY_FALLBACK,7.492973327636719,121,639,4,32202465.57746628
2024-03-07,5.0,GREEDY_FALLBACK,8.081136465072632,124,645,0,26593535.707490195
2024-03-07,15.0,GREEDY_FALLBACK,8.446093559265137,124,645,5,34339272.80840564
2024-03-10,5.0,GREEDY_FALLBACK,6.811723470687866,120,651,0,26508349.360082656
2024-03-10,15.0,GREEDY_FALLBACK,7.276400327682495,120,651,6,35922671.43391472
2024-03-13,5.0,GREEDY_FALLBACK,6.8000969886779785,121,637,0,24711620.83780907
2024-03-13,15.0,GREEDY_FALLBACK,8.329296112060547,121,637,1,27234343.510831013
2024-03-16,5.0,GREEDY_FALLBACK,7.266267776489258,123,624,0,23263541.027128536
2024-03-16,15.0,GREEDY_FALLBACK,7.578190088272095,123,624,5,30841829.04781741
2024-03-19,5.0,GREEDY_FALLBACK,8.008667230606079,123,634,1,26050724.188965626
2024-03-19,15.0,GREEDY_FALLBACK,8.015153646469116,123,634,2,28105104.489877284
2024-03-22,5.0,GREEDY_FALLBACK,6.939423084259033,121,645,0,25997708.02552805
2024-03-22,15.0,GREEDY_FALLBACK,7.653628587722778,121,645,5,33662722.984153785
2024-03-25,5.0,GREEDY_FALLBACK,7.316985130310059,119,646,0,28610830.17249541
2024-03-25,15.0,GREEDY_FALLBACK,7.533813714981079,119,646,3,33521350.371757425
2024-03-28,5.0,GREEDY_FALLBACK,7.269085884094238,121,650,0,24800724.926235393
2024-03-28,15.0,GREEDY_FALLBACK,7.896641492843628,121,650,3,30383289.0850066
2024-03-31,5.0,GREEDY_FALLBACK,7.595620155334473,124,650,0,25579031.43693034
2024-03-31,15.0,GREEDY_FALLBACK,9.543956995010376,124,650,0,26262103.267168496
2024-04-03,5.0,GREEDY_FALLBACK,6.7036120891571045,122,602,0,23713622.737365935
2024-04-03,15.0,GREEDY_FALLBACK,10.830644607543945,122,602,3,28620104.522420563
2024-04-06,5.0,GREEDY_FALLBACK,10.27005124092102,132,668,0,24917266.139192324
2024-04-06,15.0,GREEDY_FALLBACK,8.504613637924194,132,668,1,27592251.940802924
2024-04-09,5.0,GREEDY_FALLBACK,7.8752076625823975,124,632,0,24051388.90536985
2024-04-09,15.0,GREEDY_FALLBACK,8.886598110198975,124,632,2,27347727.006562136
2024-04-12,5.0,GREEDY_FALLBACK,8.044288635253906,128,711,0,27870167.352368023
2024-04-12,15.0,GREEDY_FALLBACK,10.158350706100464,128,711,1,30541420.43587175
2024-04-15,5.0,GREEDY_FALLBACK,10.321417331695557,127,719,0,26684055.358758178
2024-04-15,15.0,GREEDY_FALLBACK,10.31435489654541,127,719,0,27814185.248314254
2024-04-18,5.0,GREEDY_FALLBACK,8.707207918167114,121,717,0,26656735.557052385
2024-04-18,15.0,GREEDY_FALLBACK,9.624560832977295,121,717,8,38890183.17056102
2024-04-21,5.0,GREEDY_FALLBACK,9.09403657913208,136,727,0,25825980.1557746
2024-04-21,15.0,GREEDY_FALLBACK,12.748268842697144,136,727,0,27047173.69913752
2024-04-24,5.0,GREEDY_FALLBACK,9.330328226089478,125,696,0,23328844.9458328
2024-04-24,15.0,GREEDY_FALLBACK,10.103333950042725,125,696,0,24661200.002055995
2024-04-27,5.0,GREEDY_FALLBACK,8.650976657867432,132,679,0,26228568.074921962
2024-04-27,15.0,GREEDY_FALLBACK,10.428549528121948,132,679,0,26896797.502224676
2024-04-30,5.0,GREEDY_FALLBACK,7.484158992767334,124,632,0,22611852.374370795
2024-04-30,15.0,GREEDY_FALLBACK,8.930458784103394,124,632,0,23536227.1220384
2024-05-03,5.0,GREEDY_FALLBACK,9.600913047790527,130,713,0,29443601.919112664
2024-05-03,15.0,GREEDY_FALLBACK,9.792989492416382,130,713,0,30256337.046175078
2024-05-06,5.0,GREEDY_FALLBACK,9.14958930015564,124,714,0,27141570.00497451
2024-05-06,15.0,GREEDY_FALLBACK,9.44293475151062,124,714,2,31217673.328430213
2024-05-09,5.0,GREEDY_FALLBACK,9.713810920715332,130,714,0,29574403.983583152
2024-05-09,15.0,GREEDY_FALLBACK,10.844374895095825,130,714,3,34825595.44752526
2024-05-12,5.0,GREEDY_FALLBACK,8.909597873687744,124,716,0,27793508.539984595
2024-05-12,15.0,GREEDY_FALLBACK,9.696214437484741,124,716,1,30400144.06120308
2024-05-15,5.0,GREEDY_FALLBACK,7.693227529525757,115,583,0,23095554.01034104
2024-05-15,15.0,GREEDY_FALLBACK,7.6818437576293945,115,583,4,29017265.76756844
2024-05-18,5.0,GREEDY_FALLBACK,11.300849676132202,141,674,0,24660632.897811953
2024-05-18,15.0,GREEDY_FALLBACK,10.883916139602661,141,674,2,27917282.53759277
2024-05-21,5.0,GREEDY_FALLBACK,8.962563514709473,124,692,0,30439529.338689405
2024-05-21,15.0,GREEDY_FALLBACK,9.161624431610107,124,692,8,42278940.63145208
2024-05-24,5.0,GREEDY_FALLBACK,9.226476669311523,123,748,0,28995043.594411723
2024-05-24,15.0,GREEDY_FALLBACK,10.32450532913208,123,748,3,33753942.52302179
2024-05-27,5.0,GREEDY_FALLBACK,10.034631729125977,123,666,0,26548340.46633941
2024-05-27,15.0,GREEDY_FALLBACK,8.81963562965393,123,666,3,31693378.42393273
2024-05-30,5.0,GREEDY_FALLBACK,9.499289512634277,127,714,1,28605071.65300235
2024-05-30,15.0,GREEDY_FALLBACK,9.33950662612915,127,714,13,46343193.187159136
2024-06-02,5.0,GREEDY_FALLBACK,8.429433107376099,120,704,0,26190698.97952574
2024-06-02,15.0,GREEDY_FALLBACK,9.262966394424438,120,704,2,30528779.39035968
2024-06-05,5.0,GREEDY_FALLBACK,8.848039865493774,132,671,0,23201026.33087396
2024-06-05,15.0,GREEDY_FALLBACK,9.822149991989136,132,671,0,24120948.119438574
2024-06-08,5.0,GREEDY_FALLBACK,9.054121017456055,130,677,0,26304176.04054942
2024-06-08,15.0,GREEDY_FALLBACK,9.322778701782227,130,677,2,29832274.09404992
2024-06-11,5.0,GREEDY_FALLBACK,9.160815715789795,125,708,0,24979150.74022684
2024-06-11,15.0,GREEDY_FALLBACK,10.159447431564331,125,708,0,25956468.35749343
2024-06-14,5.0,GREEDY_FALLBACK,10.25375509262085,133,713,0,27157422.498480313
2024-06-14,15.0,GREEDY_FALLBACK,9.766658544540405,133,713,2,30586623.709810946
2024-06-17,5.0,GREEDY_FALLBACK,9.586385726928711,127,726,0,30452473.4790951
2024-06-17,15.0,GREEDY_FALLBACK,8.185415029525757,127,726,0,31428129.23860888
2024-06-20,5.0,GREEDY_FALLBACK,8.053884029388428,127,714,0,27449520.53655184
2024-06-20,15.0,GREEDY_FALLBACK,8.895072937011719,127,714,0,28070643.247818235
2024-06-23,5.0,GREEDY_FALLBACK,9.137172222137451,136,720,0,28016037.34142477
2024-06-23,15.0,GREEDY_FALLBACK,9.902360677719116,136,720,6,37404995.22800587
2024-06-26,5.0,GREEDY_FALLBACK,9.346446752548218,137,703,0,25003755.762406483
2024-06-26,15.0,GREEDY_FALLBACK,10.440121173858643,137,703,0,25692033.07231846
2024-06-29,5.0,GREEDY_FALLBACK,9.175052642822266,131,683,1,26774765.101316996
2024-06-29,15.0,GREEDY_FALLBACK,9.989657878875732,131,683,4,32168035.83113811
2024-07-02,5.0,GREEDY_FALLBACK,6.941877365112305,124,704,0,29145255.82365414
2024-07-02,15.0,GREEDY_FALLBACK,9.713441610336304,124,704,0,30562038.22613529
2024-07-05,5.0,GREEDY_FALLBACK,8.458174705505371,135,590,0,22815025.871095713
2024-07-05,15.0,GREEDY_FALLBACK,8.556079626083374,135,590,0,23510631.71042386
2024-07-08,5.0,GREEDY_FALLBACK,12.220520496368408,146,768,0,25870990.157375026
2024-07-08,15.0,GREEDY_FALLBACK,12.159116983413696,146,768,0,26672728.784224268
2024-07-11,5.0,GREEDY_FALLBACK,9.513009309768677,133,721,0,30890681.29475836
2024-07-11,15.0,GREEDY_FALLBACK,9.933893203735352,133,721,0,31732838.79052114
2024-07-14,5.0,GREEDY_FALLBACK,9.83520793914795,138,714,0,27218271.585955314
2024-07-14,15.0,GREEDY_FALLBACK,10.52418065071106,138,714,2,30958946.234401718
2024-07-17,5.0,GREEDY_FALLBACK,8.359155654907227,128,660,0,25306982.089956243
2024-07-17,15.0,GREEDY_FALLBACK,9.390249013900757,128,660,0,26310807.859951224
2024-07-20,5.0,GREEDY_FALLBACK,8.419721126556396,137,653,0,23916216.33853445
2024-07-20,15.0,GREEDY_FALLBACK,8.6681809425354,137,653,3,29349402.205150746
2024-07-23,5.0,GREEDY_FALLBACK,8.822611331939697,122,637,0,25293487.282868877
2024-07-23,15.0,GREEDY_FALLBACK,8.846664190292358,122,637,0,26390161.533429693
2024-07-26,5.0,GREEDY_FALLBACK,8.709277629852295,141,726,0,27979882.844503697
2024-07-26,15.0,GREEDY_FALLBACK,10.697506189346313,141,726,0,28696678.194964755
2024-07-29,5.0,GREEDY_FALLBACK,7.882116079330444,132,713,0,27108132.704420336
2024-07-29,15.0,GREEDY_FALLBACK,8.721055269241333,132,713,0,28039390.44097499
2024-08-01,5.0,GREEDY_FALLBACK,9.558765888214111,127,716,0,26572625.79118251
2024-08-01,15.0,GREEDY_FALLBACK,9.331952571868896,127,716,3,31956150.341447838
2024-08-04,5.0,GREEDY_FALLBACK,9.1727933883667,122,600,0,21859207.3783634
2024-08-04,15.0,GREEDY_FALLBACK,8.693865299224854,122,600,0,22365116.62031301
2024-08-07,5.0,GREEDY_FALLBACK,8.987688779830933,118,707,0,26319128.837368436
2024-08-07,15.0,GREEDY_FALLBACK,9.26135802268982,118,707,7,37716309.607391424
2024-08-10,5.0,GREEDY_FALLBACK,9.95985746383667,135,697,0,27251210.893834893
2024-08-10,15.0,GREEDY_FALLBACK,10.817994356155396,135,697,1,29299839.918935664
2024-08-13,5.0,GREEDY_FALLBACK,8.586259841918945,123,704,0,28188061.87071972
2024-08-13,15.0,GREEDY_FALLBACK,9.273397445678711,123,704,7,38796445.05583137
2024-08-16,5.0,GREEDY_FALLBACK,9.237502813339233,124,733,0,25975527.899780802
2024-08-16,15.0,GREEDY_FALLBACK,9.932699918746948,124,733,1,28764046.679251313
2024-08-19,5.0,GREEDY_FALLBACK,11.193481206893921,140,733,0,27059277.963593267
2024-08-19,15.0,GREEDY_FALLBACK,11.365811824798584,140,733,0,28335322.7736842
2024-08-22,5.0,GREEDY_FALLBACK,10.011158466339111,127,731,0,27521206.801252525
2024-08-22,15.0,GREEDY_FALLBACK,10.360438823699951,127,731,14,48218686.086275496
2024-08-25,5.0,GREEDY_FALLBACK,9.298254489898682,119,727,0,27666019.31070391
2024-08-25,15.0,GREEDY_FALLBACK,9.321094274520874,119,727,6,36991342.349428795
2024-08-28,5.0,GREEDY_FALLBACK,9.418196201324463,130,616,0,22322893.661837846
2024-08-28,15.0,GREEDY_FALLBACK,8.321765661239624,130,616,0,23296546.083202317
2024-08-31,5.0,GREEDY_FALLBACK,4.533052444458008,88,466,0,15295399.481932066
2024-08-31,15.0,GREEDY_FALLBACK,4.921351432800293,88,466,7,26887709.819706123
2024-09-03,5.0,GREEDY_FALLBACK,9.03135633468628,121,702,0,26845931.556802463
2024-09-03,15.0,GREEDY_FALLBACK,9.650564670562744,121,702,1,29237465.68004824
2024-09-06,5.0,GREEDY_FALLBACK,9.874665260314941,129,770,0,26821426.991874363
2024-09-06,15.0,GREEDY_FALLBACK,10.672765731811523,129,770,0,27868501.98987259
2024-09-09,5.0,GREEDY_FALLBACK,10.701717138290405,131,780,0,29224471.250900283
2024-09-09,15.0,GREEDY_FALLBACK,11.331257104873657,131,780,2,33908345.37222383
2024-09-12,5.0,GREEDY_FALLBACK,10.232136487960815,133,773,0,30218760.621600922
2024-09-12,15.0,GREEDY_FALLBACK,10.904318571090698,133,773,0,31682170.320042193
2024-09-15,5.0,GREEDY_FALLBACK,10.922163486480713,135,777,0,28741185.6827424
2024-09-15,15.0,GREEDY_FALLBACK,11.570264101028442,135,777,2,32911467.533814073
2024-09-18,5.0,GREEDY_FALLBACK,6.934868097305298,121,610,0,20607438.48340057
2024-09-18,15.0,GREEDY_FALLBACK,7.642692804336548,121,610,3,26080337.855279
2024-09-21,5.0,GREEDY_FALLBACK,9.217097759246826,129,606,0,20467587.203793515
2024-09-21,15.0,GREEDY_FALLBACK,9.107231616973877,129,606,0,21949351.59338762
2024-09-24,5.0,GREEDY_FALLBACK,7.228415012359619,120,600,0,19797929.833956737
2024-09-24,15.0,GREEDY_FALLBACK,8.655993700027466,120,600,4,27331379.339228813
2024-09-27,5.0,GREEDY_FALLBACK,8.812052249908447,132,590,0,21493816.795059476
2024-09-27,15.0,GREEDY_FALLBACK,8.111224889755249,132,590,1,23742969.05027548
2024-09-30,5.0,GREEDY_FALLBACK,10.754817485809326,137,764,0,28615279.738640804
2024-09-30,15.0,GREEDY_FALLBACK,10.49982476234436,137,764,0,29629238.99883278
2024-10-03,5.0,GREEDY_FALLBACK,9.272116422653198,123,764,0,28697772.833273787
2024-10-03,15.0,GREEDY_FALLBACK,10.389328956604004,123,764,0,29710702.042680252
2024-10-06,5.0,GREEDY_FALLBACK,8.83826494216919,127,765,0,28608356.816734597
2024-10-06,15.0,GREEDY_FALLBACK,10.525664567947388,127,765,0,29199240.707617894
2024-10-09,5.0,GREEDY_FALLBACK,7.450025796890259,121,688,0,24432866.398185592
2024-10-09,15.0,GREEDY_FALLBACK,8.805481672286987,121,688,0,25771787.2547711
2024-10-12,5.0,GREEDY_FALLBACK,8.512062788009644,124,635,0,22265990.374309473
2024-10-12,15.0,GREEDY_FALLBACK,8.757805347442627,124,635,0,23142557.36814699
2024-10-15,5.0,GREEDY_FALLBACK,8.552710056304932,123,726,0,28591917.504501246
2024-10-15,15.0,GREEDY_FALLBACK,9.070565700531006,123,726,1,30897320.595076673
2024-10-18,5.0,GREEDY_FALLBACK,10.4340500831604,131,766,0,27541904.945389815
2024-10-18,15.0,GREEDY_FALLBACK,10.3914475440979,131,766,0,28818195.475520834
2024-10-21,5.0,GREEDY_FALLBACK,9.572895050048828,123,762,0,24878150.15838372
2024-10-21,15.0,GREEDY_FALLBACK,9.734855651855469,123,762,0,26725074.42896719
2024-10-24,5.0,GREEDY_FALLBACK,9.404955625534058,127,766,0,27822691.399895746
2024-10-24,15.0,GREEDY_FALLBACK,10.15815281867981,127,766,0,28981184.42957407
2024-10-27,5.0,GREEDY_FALLBACK,9.585499048233032,125,760,0,30396836.16343701
2024-10-27,15.0,GREEDY_FALLBACK,10.118895769119263,125,760,0,31825280.365079436
2024-10-30,5.0,GREEDY_FALLBACK,9.294777393341064,120,657,0,23382022.017001167
2024-10-30,15.0,GREEDY_FALLBACK,7.992563962936401,120,657,1,26395192.200433027
2024-11-02,5.0,GREEDY_FALLBACK,7.0198752880096436,116,546,0,19413410.28912343
2024-11-02,15.0,GREEDY_FALLBACK,7.4170215129852295,116,546,0,20182705.577667188
2024-11-05,5.0,GREEDY_FALLBACK,6.778857946395874,118,500,0,17310659.467252918
2024-11-05,15.0,GREEDY_FALLBACK,6.819836854934692,118,500,0,17880346.92494935
2024-11-08,5.0,GREEDY_FALLBACK,8.029427289962769,120,609,0,22404933.677995738
2024-11-08,15.0,GREEDY_FALLBACK,8.381189584732056,120,609,0,23421379.458344247
2024-11-11,5.0,GREEDY_FALLBACK,9.007766246795654,123,738,0,27623499.248019442
2024-11-11,15.0,GREEDY_FALLBACK,10.092856407165527,123,738,3,33136162.83487372
2024-11-14,5.0,GREEDY_FALLBACK,10.239876985549927,119,736,0,27236923.07851839
2024-11-14,15.0,GREEDY_FALLBACK,9.492729663848877,119,736,0,28685220.80490182
2024-11-17,5.0,GREEDY_FALLBACK,9.462061405181885,124,738,0,25919152.88022379
2024-11-17,15.0,GREEDY_FALLBACK,10.703670978546143,124,738,4,32596562.611809745
2024-11-20,5.0,GREEDY_FALLBACK,7.794302940368652,128,588,0,20340290.33788457
2024-11-20,15.0,GREEDY_FALLBACK,9.315954208374023,128,588,0,21086067.433512323
2024-11-23,5.0,GREEDY_FALLBACK,9.533412218093872,135,706,0,25730264.743258633
2024-11-23,15.0,GREEDY_FALLBACK,10.766197919845581,135,706,0,26917478.060583916
2024-11-26,5.0,GREEDY_FALLBACK,9.680624961853027,122,736,0,28820259.60109471
2024-11-26,15.0,GREEDY_FALLBACK,9.760565519332886,122,736,2,32884442.279801104
2024-11-29,5.0,GREEDY_FALLBACK,9.335582494735718,122,713,0,24955844.352839425
2024-11-29,15.0,GREEDY_FALLBACK,9.73801851272583,122,713,0,26619510.664737187
2024-12-02,5.0,GREEDY_FALLBACK,8.715949773788452,118,728,0,28482371.378408868
2024-12-02,15.0,GREEDY_FALLBACK,9.316180229187012,118,728,11,45832891.019948885
2024-12-05,5.0,GREEDY_FALLBACK,9.705273389816284,129,685,0,23599657.0871433
2024-12-05,15.0,GREEDY_FALLBACK,9.47905445098877,129,685,0,24199047.849523783
2024-12-08,5.0,GREEDY_FALLBACK,8.951473951339722,116,679,0,23329522.0968033
2024-12-08,15.0,GREEDY_FALLBACK,8.781540632247925,116,679,0,23922367.217008214
2024-12-11,5.0,GREEDY_FALLBACK,8.699025392532349,120,607,0,22570638.990940623
2024-12-11,15.0,GREEDY_FALLBACK,8.39298129081726,120,607,0,23276925.304667838
2024-12-14,5.0,GREEDY_FALLBACK,7.464284420013428,125,625,0,24405265.25743276
2024-12-14,15.0,GREEDY_FALLBACK,8.064851760864258,125,625,2,28145290.478880294
2024-12-17,5.0,GREEDY_FALLBACK,7.583068370819092,116,603,0,21716765.319051955
2024-12-17,15.0,GREEDY_FALLBACK,8.247502565383911,116,603,0,22053938.876065977
2024-12-20,5.0,GREEDY_FALLBACK,9.225614547729492,128,703,0,26611674.71090236
2024-12-20,15.0,GREEDY_FALLBACK,10.190729856491089,128,703,0,27451208.30298162
2024-12-23,5.0,GREEDY_FALLBACK,9.17434024810791,127,700,0,24621923.433943428
2024-12-23,15.0,GREEDY_FALLBACK,9.99908995628357,127,700,0,26193468.044053435
2024-12-26,5.0,GREEDY_FALLBACK,8.419300317764282,121,693,0,21820177.31408773
2024-12-26,15.0,GREEDY_FALLBACK,9.364691495895386,121,693,0,23272035.57841445
2024-12-29,5.0,GREEDY_FALLBACK,8.759265184402466,123,674,0,23209231.442240857
2024-12-29,15.0,GREEDY_FALLBACK,9.633176803588867,123,674,0,24520594.33679573
